/*
 Navicat Premium Data Transfer

 Source Server         : Local
 Source Server Type    : MySQL
 Source Server Version : 50709
 Source Host           : localhost
 Source Database       : testmaker

 Target Server Type    : MySQL
 Target Server Version : 50709
 File Encoding         : utf-8

 Date: 03/16/2020 18:26:19 PM
*/

SET NAMES utf8;
SET FOREIGN_KEY_CHECKS = 0;

-- ----------------------------
--  Table structure for `_contesttable`
-- ----------------------------
DROP TABLE IF EXISTS `_contesttable`;
CREATE TABLE `_contesttable` (
  `a` char(1) DEFAULT NULL
) ENGINE=InnoDB DEFAULT CHARSET=utf8;

-- ----------------------------
--  Table structure for `chapter`
-- ----------------------------
DROP TABLE IF EXISTS `chapter`;
CREATE TABLE `chapter` (
  `id` int(11) NOT NULL AUTO_INCREMENT,
  `created_on` datetime NOT NULL,
  `updated_on` datetime NOT NULL,
  `number` varchar(20) NOT NULL,
  `title` varchar(255) NOT NULL,
  `syllabus_id` int(11) NOT NULL,
  PRIMARY KEY (`id`),
  KEY `FK_qy0s6jxmr6tti57fw3pumpnkd` (`syllabus_id`),
  CONSTRAINT `FK_qy0s6jxmr6tti57fw3pumpnkd` FOREIGN KEY (`syllabus_id`) REFERENCES `syllabus` (`id`)
) ENGINE=InnoDB AUTO_INCREMENT=57 DEFAULT CHARSET=utf8;

-- ----------------------------
--  Records of `chapter`
-- ----------------------------
BEGIN;
INSERT INTO `chapter` VALUES ('1', '2015-12-10 11:03:53', '2018-07-16 09:58:36', '第一章', '软件测试基础', '2'), ('2', '2015-12-10 11:22:50', '2015-12-10 11:22:50', '第二章', '软件生命周期中的测试', '1'), ('3', '2015-12-10 11:32:04', '2015-12-10 11:32:04', '第三章', '静态技术	', '1'), ('4', '2015-12-10 11:40:11', '2015-12-10 13:11:45', '第四章', '测试设计技术	', '1'), ('5', '2015-12-10 11:48:02', '2015-12-10 11:48:02', '第五章', '测试管理	', '1'), ('6', '2015-12-10 11:59:26', '2015-12-10 11:59:26', '第六章 	', '软件测试工具', '1'), ('7', '2016-01-28 17:05:46', '2016-01-28 17:05:46', '第一章', '敏捷软件开发 ', '2'), ('8', '2016-01-28 17:11:00', '2016-01-28 17:11:00', '第二章', '基本的敏捷测试原则、实践和过程', '2'), ('9', '2016-01-28 17:16:26', '2016-01-28 17:16:26', '第三章', '敏捷测试方法、技术和工具', '2'), ('10', '2016-02-05 10:59:35', '2016-02-05 10:59:35', '1.0', '敏捷测试术语', '2'), ('11', '2017-04-24 16:53:21', '2017-04-24 16:53:21', '第一章', '测试过程', '3'), ('12', '2017-04-24 16:53:47', '2017-04-24 16:53:47', '第二章', '测试管理：测试分析师的职责', '3'), ('13', '2017-04-24 16:56:20', '2017-04-24 16:56:20', '第三章', '测试技术', '3'), ('14', '2017-04-24 16:56:35', '2017-04-24 16:56:35', '第四章', '测试软件质量特性', '3'), ('15', '2017-04-24 16:56:49', '2017-04-24 16:56:49', '第五章', '评审', '3'), ('16', '2017-04-24 16:57:03', '2017-04-24 16:57:03', '第六章', '缺陷管理', '3'), ('17', '2017-04-24 16:57:16', '2017-04-24 16:57:16', '第七章', '测试工具', '3'), ('18', '2017-04-27 11:14:59', '2017-04-27 11:14:59', '第一章', '测试过程', '4'), ('19', '2017-04-27 11:15:17', '2017-04-27 11:15:17', '第二章', '测试管理', '4'), ('20', '2017-04-27 11:15:44', '2017-04-27 11:15:44', '第三章', '评审', '4'), ('21', '2017-04-27 11:16:09', '2017-04-27 11:16:09', '第四章', '缺陷管理', '4'), ('22', '2017-04-27 11:16:27', '2017-04-27 11:16:27', '第五章', '改进测试过程', '4'), ('23', '2017-04-27 11:16:46', '2017-04-27 11:16:46', '第六章', '测试工具及及自动化', '4'), ('24', '2017-04-27 11:17:12', '2017-04-27 11:17:12', '第七章', '人员技能 – 团队构成', '4'), ('25', '2017-05-02 14:40:20', '2017-05-02 14:40:20', '第一章', '在基于风险的测试中，技术测试分析师的任务', '5'), ('26', '2017-05-02 14:40:41', '2017-05-02 14:40:41', '第二章', '基于结构的测试', '5'), ('27', '2017-05-02 14:41:35', '2017-05-02 14:41:35', '第三章', '分析技术', '5'), ('28', '2017-05-02 14:41:54', '2017-05-02 14:41:54', '第四章', '技术测试中的质量特性', '5'), ('29', '2017-05-02 14:42:06', '2017-05-02 14:42:06', '第五章', '评审', '5'), ('30', '2017-05-02 14:42:20', '2017-05-02 14:42:20', '第六章', '测试工具与测试自动化', '5'), ('31', '2017-05-03 13:50:30', '2017-05-03 14:03:43', '第二章', '改进概要', '6'), ('32', '2017-05-03 13:50:52', '2017-05-03 14:03:53', '第三章', '基于模型的改进', '6'), ('33', '2017-05-03 13:51:12', '2017-05-03 14:04:05', '第四章', '基于分析的改进', '6'), ('34', '2017-05-03 13:51:28', '2017-05-03 14:04:17', '第五章', '选取测试过程改进的方法', '6'), ('35', '2017-05-03 13:51:45', '2017-05-03 14:04:27', '第六章', '改进过程', '6'), ('36', '2017-05-03 13:52:03', '2017-05-03 14:04:39', '第七章', '组织, 角色和技能', '6'), ('37', '2017-05-03 13:52:23', '2017-05-03 14:04:50', '第八章', '管理变更 ', '6'), ('38', '2017-05-03 13:55:48', '2017-05-03 14:05:00', '第九章', '改进成功的要素', '6'), ('39', '2017-05-03 13:56:07', '2017-05-03 14:05:13', '第十章', '适应不同生命周期模型', '6'), ('40', '2017-05-25 14:25:45', '2017-05-25 14:25:45', '1', 'test', '7'), ('41', '2017-08-01 15:53:56', '2017-08-01 15:53:56', '123-1', '12356', '7'), ('42', '2017-09-27 14:40:57', '2017-09-27 14:40:57', '2', 'nijkj', '7'), ('50', '2017-11-01 09:29:41', '2017-11-01 09:29:41', '第一章', '基于模型的测试的介绍', '8'), ('51', '2017-11-01 09:43:28', '2017-11-01 09:43:28', '第二章', 'MBT建模', '8'), ('52', '2017-11-01 09:55:26', '2017-11-01 09:55:26', '第三章', '生成测试用例的选择准则', '8'), ('53', '2017-11-01 10:05:22', '2017-11-01 10:05:22', '第四章', '基于模型测试的实现和执行', '8'), ('54', '2017-11-01 10:10:45', '2017-11-01 10:10:45', '第五章', '评估和部署MBT方法', '8'), ('55', '2018-09-19 14:35:11', '2018-09-19 14:35:11', '第一章', '软件', '7'), ('56', '2020-03-16 16:32:47', '2020-03-16 16:32:49', '第二章', '软件生命周期中的测试', '7');
COMMIT;

-- ----------------------------
--  Table structure for `knowledge_point`
-- ----------------------------
DROP TABLE IF EXISTS `knowledge_point`;
CREATE TABLE `knowledge_point` (
  `id` int(11) NOT NULL AUTO_INCREMENT,
  `created_on` datetime NOT NULL,
  `updated_on` datetime NOT NULL,
  `k_level` varchar(20) NOT NULL,
  `number` varchar(20) NOT NULL,
  `score` smallint(6) NOT NULL,
  `title` varchar(1024) NOT NULL,
  `chapter_id` int(11) NOT NULL,
  PRIMARY KEY (`id`),
  KEY `FK_n0av3nxe7c9nurtlndoehgmu1` (`chapter_id`),
  CONSTRAINT `FK_n0av3nxe7c9nurtlndoehgmu1` FOREIGN KEY (`chapter_id`) REFERENCES `chapter` (`id`)
) ENGINE=InnoDB AUTO_INCREMENT=355 DEFAULT CHARSET=utf8;

-- ----------------------------
--  Records of `knowledge_point`
-- ----------------------------
BEGIN;
INSERT INTO `knowledge_point` VALUES ('1', '2015-12-10 11:06:29', '2015-12-10 11:27:51', 'K2', '1.1.1', '1', '通过具体的例子，描述软件中的缺陷会以什么样的方式损害个人、损害环境或者损害公司利益', '1'), ('2', '2015-12-10 11:15:32', '2015-12-10 11:28:09', 'K2', '1.1.2', '1', '区分引起缺陷的根本原因及其影响', '1'), ('3', '2015-12-10 11:16:26', '2015-12-10 11:28:26', 'K2', '1.1.3', '1', '通过举例的方式说明为什么需要测试', '1'), ('4', '2015-12-10 11:16:45', '2015-12-10 13:06:30', 'K2', '1.1.4', '1', '描述为什么测试是质量保证的一部分，通过举例说明测试是如何提高软件质量的', '1'), ('5', '2015-12-10 11:17:24', '2015-12-10 13:15:58', 'K2', '1.1.5', '1', '通过举例来理解和比较术语错误、缺陷、故障、失效的概念以及相应的定义', '1'), ('6', '2015-12-10 11:18:45', '2015-12-10 13:14:42', 'K1', '1.2.1', '1', '认识测试的总体目标', '1'), ('7', '2015-12-10 11:19:04', '2015-12-10 11:28:57', 'K2', '1.2.2', '1', '举例说明软件生命周期中不同阶段的测试目标', '1'), ('8', '2015-12-10 11:19:23', '2015-12-10 11:29:08', 'K2', '1.2.3', '1', '区分测试与调试的不同', '1'), ('9', '2015-12-10 11:19:42', '2015-12-10 13:13:44', 'K2', '1.3.1', '1', '说明测试的七个基本原则', '1'), ('10', '2015-12-10 11:20:00', '2015-12-10 13:15:12', 'K1', '1.4.1', '1', '认识从计划开始到结束过程的五个基本测试活动和各自的任务', '1'), ('11', '2015-12-10 11:20:27', '2015-12-10 13:14:57', 'K1', '1.5.1', '1', '认识影响测试成功与否的心理因素', '1'), ('12', '2015-12-10 11:20:46', '2015-12-10 11:29:19', 'K2', '1.5.2', '1', '对比测试人员和开发人员的思维方式的差异', '1'), ('13', '2015-12-10 11:23:37', '2015-12-10 11:29:26', 'K2', '2.1.1', '1', '应用具体项目和产品类型的例子解释在开发生命周期中开发、测试活动与工作产品之间的关系', '2'), ('14', '2015-12-10 11:23:59', '2015-12-10 13:12:58', 'K1', '2.1.2', '1', '知道必须根据项目背景和产品特征来选择软件开发的模型', '2'), ('15', '2015-12-10 11:24:22', '2015-12-10 13:13:15', 'K1', '2.1.3', '1', '理解在任何生命周期模型中良好的测试应具备的特征', '2'), ('16', '2015-12-10 11:24:40', '2015-12-10 13:07:53', 'K2', '2.2.1', '1', '比较不同测试级别之间的区别：测试的主要目的、典型的测试对象、典型的测试目标（功能性的或结构性的）、相关的工作产品、测试的人员、识别缺陷和失效的种类', '2'), ('17', '2015-12-10 11:24:57', '2015-12-10 13:13:29', 'K2', '2.3.1', '1', '通过举例比较四种不同的软件测试类型（功能测试、非功能测试、结构测试和与变更相关的测试）', '2'), ('18', '2015-12-10 11:25:23', '2015-12-10 13:07:14', 'K1', '2.3.2', '1', '明白功能测试和结构测试可以应用在任何测试级别', '2'), ('19', '2015-12-10 11:25:52', '2015-12-10 13:08:13', 'K2', '2.3.3', '1', '根据非功能需求来识别和描述非功能测试的类型', '2'), ('20', '2015-12-10 11:26:20', '2015-12-10 13:07:37', 'K2', '2.3.4', '1', '根据对软件系统结构或构架的分析来识别和描述测试的类型', '2'), ('21', '2015-12-10 11:30:13', '2015-12-10 11:30:13', 'K2', '2.3.5', '1', '描述确认测试和回归测试的目的', '2'), ('22', '2015-12-10 11:30:34', '2015-12-10 11:30:34', 'K2', '2.4.1', '1', '比较维护测试（一个现存系统的测试）与一个新的应用软件的测试在测试类型、测试的触发和测试规模等方面的区别', '2'), ('23', '2015-12-10 11:31:00', '2015-12-10 11:31:00', 'K1', '2.4.2', '1', '识别维护测试的原因（由于修改、移植或退役等因素）', '2'), ('24', '2015-12-10 11:31:44', '2015-12-10 11:31:44', 'K2', '2.4.3', '1', '描述回归测试和变更的影响分析在软件维护中的作用', '2'), ('25', '2015-12-10 11:32:34', '2015-12-10 11:32:34', 'K1', '3.1.1', '1', '了解可以通过不同的静态技术来检查软件工作产品的质量', '3'), ('26', '2015-12-10 11:32:56', '2015-12-10 11:32:56', 'K2', '3.1.2', '1', '描述了在评估软件工作产品中运用静态技术的重要性和它的价值', '3'), ('27', '2015-12-10 11:36:59', '2015-12-10 11:36:59', 'K2', '3.1.3 ', '1', '结合测试对象、缺陷类型来说明静态测试技术与动态测试技术之间的不同，以及这些技术在软件生命周期中的作用', '3'), ('28', '2015-12-10 11:37:35', '2015-12-10 11:37:35', 'K1', '3.2.1', '1', '理解典型的正式评审过程中的阶段、角色和职责定义', '3'), ('29', '2015-12-10 11:37:59', '2015-12-10 11:37:59', 'K2', '3.2.2', '1', '解释不同类型评审的区别：非正式评审、技术评审、走查和审查', '3'), ('30', '2015-12-10 11:38:29', '2015-12-10 11:38:29', 'K2', '3.2.3 ', '1', '解释影响评审成功的主要因素', '3'), ('31', '2015-12-10 11:38:49', '2015-12-10 11:38:49', 'K1', '3.3.1', '1', '理解通过静态分析能够识别的典型缺陷和错误，并与评审和动态测试之间进行比较', '3'), ('32', '2015-12-10 11:39:16', '2015-12-10 11:39:16', 'K2', '3.3.2 ', '1', '举例描述静态分析的主要优点', '3'), ('33', '2015-12-10 11:39:45', '2015-12-10 11:39:45', 'K1', '3.3.3', '1', '列出通过静态分析工具识别的典型的代码缺陷和设计缺陷', '3'), ('34', '2015-12-10 11:40:38', '2015-12-10 11:40:38', 'K2', '4.1.1 ', '1', '区别：测试设计规格说明、测试用例规格说明和测试规程规格说明', '4'), ('35', '2015-12-10 11:41:00', '2015-12-10 11:41:00', 'K2', '4.1.2 ', '1', '比较术语：测试条件、测试用例和测试规程', '4'), ('36', '2015-12-10 11:41:27', '2015-12-10 11:41:27', 'K3', '4.1.3 ', '1', '对测试用例本身的质量可以从与需求的可追溯性以及期望结果这两方面来评价', '4'), ('37', '2015-12-10 11:41:48', '2015-12-10 11:41:48', 'K3', '4.1.4 ', '1', '根据测试人员的理解水平，将测试用例转换为不同详细程度的结构合理的测试规程规格说明', '4'), ('38', '2015-12-10 11:42:11', '2015-12-10 11:42:11', 'K1', '4.2.1', '1', '复述在测试用例设计中，为什么需要采用基于规格说明的测试（黒盒测试）和基于结构的测试（白盒测试）的方法？列举出各自比较常用的技术', '4'), ('39', '2015-12-10 11:43:03', '2015-12-10 11:43:03', 'K2', '4.2.2', '1', '解释基于规格说明的测试、基于结构的测试和基于经验的测试三者的特征和区别', '4'), ('40', '2015-12-10 11:43:26', '2015-12-10 11:43:26', 'K3', '4.3.1', '1', '使用等价类划分、边界值分析、决策表和状态转换图/表对指定的软件模型编写测试用例', '4'), ('41', '2015-12-10 11:43:48', '2015-12-10 11:43:48', 'K2', '4.3.2', '1', '解释这四种测试设计技术各自的主要目的，这些技术可以应用于什么测试级别和测试类型，以及如何测量测试覆盖', '4'), ('42', '2015-12-10 11:44:15', '2015-12-10 11:44:15', 'K2', '4.3.3', '1', '解释用例测试的概念和应用这种技术的优点', '4'), ('43', '2015-12-10 11:44:45', '2015-12-10 11:44:45', 'K2', '4.4.1', '1', '描述代码覆盖的概念及其重要性', '4'), ('44', '2015-12-10 11:45:08', '2015-12-10 11:45:08', 'K2', '4.4.2', '1', '解释语句覆盖和判定覆盖等概念，理解这些概念除了可以应用在组件测试外，还可以应用在其他任何测试级别上（比如系统级别上的业务过程测试）', '4'), ('45', '2015-12-10 11:45:39', '2015-12-10 11:45:39', 'K3', '4.4.3', '1', '根据给定的控制流，使用语句测试和判定测试设计技术编写测试用例', '4'), ('46', '2015-12-10 11:46:02', '2015-12-10 11:46:02', 'K4', '4.4.4', '1', '根据已定义的出口准则评估语句覆盖和判定覆盖的完整性', '4'), ('47', '2015-12-10 11:46:21', '2015-12-10 11:46:21', 'K1', '4.5.1', '1', '复述在哪些情况下使用基于直觉、基于经验和知识、基于对常见缺陷的认识来编写测试用例', '4'), ('48', '2015-12-10 11:47:22', '2015-12-10 11:47:22', 'K2', '4.5.2', '1', '比较基于经验的方法和基于规格说明的方法之间的区别', '4'), ('49', '2015-12-10 11:47:44', '2015-12-10 11:47:44', 'K2', '4.6.1', '1', '根据给定的因素，如：测试依据、各自的模型和软件特性等，选择合适的测试设计技术', '4'), ('50', '2015-12-10 11:48:31', '2015-12-10 11:48:31', 'K1', '5.1.1', '1', '识别独立测试的重要性', '5'), ('51', '2015-12-10 11:48:55', '2015-12-10 11:48:55', 'K2', '5.1.2', '1', '阐明在组织内进行独立测试的优点和缺点', '5'), ('52', '2015-12-10 11:49:20', '2015-12-10 11:49:20', 'K1', '5.1.3 ', '1', '识别创建测试小组需要考虑不同角色的团队成员', '5'), ('53', '2015-12-10 11:49:44', '2015-12-10 11:49:44', 'K1', '5.1.4 ', '1', '牢记测试组长和测试员的主要任务', '5'), ('54', '2015-12-10 11:50:07', '2015-12-10 11:50:07', 'K1', '5.2.1', '1', '识别测试计划的不同级别和目标', '5'), ('55', '2015-12-10 11:50:31', '2015-12-10 11:50:31', 'K2', '5.2.2 ', '1', '根据“软件测试文档标准”（IEEE Std 829-1998），总结测试计划、测试设计规格说明和测试规程的目的及内容', '5'), ('56', '2015-12-10 11:50:54', '2015-12-10 11:50:54', 'K2', '5.2.3', '1', '从概念上区分不同的测试方法，例如：分析法、基于模型的方法、系统法、符合过程/标准的、动态/启发式的、咨询式或可重用的方法', '5'), ('57', '2015-12-10 11:51:17', '2015-12-10 11:51:17', 'K2', '5.2.4 ', '1', '区分为系统所做的测试计划和测试执行进度安排的不同之处', '5'), ('58', '2015-12-10 11:51:49', '2015-12-10 11:51:49', 'K3', '5.2.5', '1', '为一组给定的测试用例编写测试执行进度表，需要考虑优先级、技术和逻辑关系等内容', '5'), ('59', '2015-12-10 11:52:09', '2015-12-10 11:52:09', 'K1', '5.2.6', '1', '列出在测试计划时应该考虑的测试准备和执行活动', '5'), ('60', '2015-12-10 11:52:33', '2015-12-10 11:52:33', 'K1', '5.2.7', '1', '记忆影响测试成果的主要因素', '5'), ('61', '2015-12-10 11:53:10', '2015-12-10 11:53:10', 'K2', '5.2.8', '1', '从概念上区分两种不同的估算方法：基于度量的方法和基于专家的方法', '5'), ('62', '2015-12-10 11:53:35', '2015-12-10 11:53:35', 'K2', '5.2.9', '1', '理解/证明应该针对特定的测试级别和测试用例组定义恰当的入口准则和出口准则（例如集成测试、验收测试或可用性测试的测试用例）', '5'), ('63', '2015-12-10 11:54:10', '2015-12-10 11:54:10', 'K1', '5.3.1', '1', '记忆用于监督测试准备和执行的常见度量项', '5'), ('64', '2015-12-10 11:54:32', '2015-12-10 11:54:32', 'K2', '5.3.2 ', '1', '根据不同的目的和用途对于测试报告和测试控制中用到的测试度量进行说明和比较（例如已发现和已修复的缺陷、通过和失败的测试）', '5'), ('65', '2015-12-10 11:54:53', '2015-12-10 11:54:53', 'K2', '5.3.3', '1', '根据“软件测试文档标准”（IEEE Std 829-1998），总结测试总结报告的目的和内容', '5'), ('66', '2015-12-10 11:55:12', '2015-12-10 11:55:12', 'K2', '5.4.1 ', '1', '总结配置管理如何支持测试', '5'), ('67', '2015-12-10 11:55:38', '2015-12-10 11:55:38', 'K2', '5.5.1', '1', '将可能威胁一个或多个利益相关者实现项目目标的潜在问题描述为风险', '5'), ('68', '2015-12-10 11:56:01', '2015-12-10 11:56:01', 'K1', '5.5.2', '1', '牢记风险的级别是由可能性（发生的可能性）和影响程度（发生后所造成的危害）来决定的', '5'), ('69', '2015-12-10 11:56:26', '2015-12-14 14:30:05', 'K2', '5.5.3', '1', '区分项目风险和产品风险', '5'), ('70', '2015-12-10 11:56:44', '2015-12-10 11:56:44', 'K1', '5.5.4', '1', '识别典型的产品风险和项目风险', '5'), ('71', '2015-12-10 11:57:01', '2015-12-10 11:57:01', 'K2', '5.5.5', '1', '通过例子来描述在测试计划中如何进行风险分析和风险管理', '5'), ('72', '2015-12-10 11:57:37', '2015-12-10 11:57:37', 'K1', '5.6.1', '1', '按照“软件测试文档标准（IEEE Std 829-1998）”，总结事件报告的内容', '5'), ('73', '2015-12-10 11:57:58', '2015-12-10 11:57:58', 'K3', '5.6.2', '1', '针对测试过程中发现的失效编写事件报告', '5'), ('74', '2015-12-10 12:00:03', '2015-12-10 12:00:03', 'K2', '6.1.1 ', '1', '根据测试工具的用途和基本的测试过程和软件生命周期活动，对不同类型的测试工具进行分类', '6'), ('75', '2015-12-10 12:00:26', '2015-12-10 12:00:26', 'K2', '6.1.2', '1', '解释术语“测试工具”，用测试工具支持测试的目的', '6'), ('76', '2015-12-10 12:00:46', '2015-12-10 12:00:46', 'K2', '6.2.1', '1', '总结测试自动化和使用测试工具的潜在利益和风险', '6'), ('77', '2015-12-10 12:01:10', '2015-12-10 12:01:10', 'K1', '6.2.2', '1', '记住使用测试执行工具、静态分析工具和测试管理工具时应当考虑的特定因素', '6'), ('78', '2015-12-10 12:01:28', '2015-12-10 12:01:28', 'K1', '6.3.1', '1', '阐述将工具引入组织中的主要原则', '6'), ('79', '2015-12-10 12:01:47', '2015-12-10 12:01:47', 'K1', '6.3.2', '1', '阐述为评估工具所进行的调查学习验证以及为实施工具所展开的试点阶段的目的', '6'), ('80', '2015-12-10 12:02:05', '2015-12-10 12:02:05', 'K1', '6.3.3', '1', ' 识别要获得好的工具支持，仅靠购置工具是不够的，还需要考虑其他因素', '6'), ('81', '2016-01-28 17:06:56', '2016-01-28 17:06:56', 'K1', '1.1.1', '1', '基于敏捷宣言，复述敏捷软件开发的基本概念。', '7'), ('82', '2016-01-28 17:07:19', '2016-01-28 17:07:19', 'K2', '1.1.2', '1', '理解“全团队方式”的优点。', '7'), ('83', '2016-01-28 17:07:43', '2016-01-28 17:07:43', 'K2', '1.1.3', '1', '理解尽早和频繁反馈的好处。', '7'), ('84', '2016-01-28 17:08:15', '2016-01-28 17:08:15', 'K1', '1.2.1', '1', '复述敏捷软件开发方法。', '7'), ('85', '2016-01-28 17:09:05', '2016-01-28 17:09:05', 'K3', '1.2.2', '1', '与开发人员和用户代表协作编写可测试的用户故事。', '7'), ('86', '2016-01-28 17:09:32', '2016-01-28 17:09:32', 'K2', '1.2.3', '1', '理解回顾会议作为一种机制，是如何应用于敏捷项目的过程改进的。', '7'), ('87', '2016-01-28 17:09:51', '2016-01-28 17:09:51', 'K2', '1.2.4', '1', '理解持续集成的目的和用途。', '7'), ('88', '2016-01-28 17:10:15', '2016-01-28 17:10:15', 'K1', '1.2.5', '1', '知道迭代计划和发布计划的区别，以及测试人员如何在这些活动中提供价值。', '7'), ('89', '2016-01-28 17:12:06', '2016-01-28 17:12:06', 'K2', '2.1.1', '1', '描述在敏捷项目和非敏捷项目中测试活动的不同。', '8'), ('90', '2016-01-28 17:12:24', '2016-01-28 17:12:24', 'K2', '2.1.2', '1', '描述在敏捷项目中开发和测试活动是如何集成的。', '8'), ('91', '2016-01-28 17:12:42', '2016-01-28 17:12:42', 'K2', '2.1.3', '1', '描述在敏捷项目中独立测试的角色。', '8'), ('92', '2016-01-28 17:13:23', '2016-01-28 17:13:23', 'K2', '2.2.1', '1', '描述敏捷项目中如何运用各种工具和技术与各参与方沟通测试状态，包括 测试进展和产品质量。', '8'), ('93', '2016-01-28 17:14:41', '2016-01-28 17:14:41', 'K2', '2.2.2', '1', '描述敏捷项目中通过多个迭代演进测试的过程，并解释为什么测试自动化 对于管理回归风险是重要的。', '8'), ('94', '2016-01-28 17:14:59', '2016-01-28 17:14:59', 'K2', '2.3.1', '1', '理解敏捷团队中测试人员所需技能（人员技能、领域技能及测试技能）。', '8'), ('95', '2016-01-28 17:15:16', '2016-01-28 17:30:52', 'K2', '2.3.2', '1', '理解敏捷团队中测试人员的角色。', '8'), ('96', '2016-01-28 17:16:58', '2016-01-28 17:16:58', 'K1', '3.1.1', '1', '复述测试驱动开发，验收测试驱动开发，行为驱动开发的概念。', '9'), ('97', '2016-01-28 17:17:27', '2016-01-28 17:17:27', 'K1', '3.1.2', '1', '复述测试金字塔的概念。', '9'), ('98', '2016-01-28 17:17:52', '2016-01-28 17:17:52', 'K2', '3.1.3', '1', '总结测试四象限法以及各个象限与各种测试级别和测试类型的关系。', '9'), ('99', '2016-01-28 17:18:26', '2016-01-28 17:18:26', 'K3', '3.1.4', '1', '对于给定的敏捷项目，测试人员在 SCRUM 团队中的角色实践。', '9'), ('100', '2016-01-28 17:18:56', '2016-01-28 17:18:56', 'K3', '3.2.1', '1', '在敏捷项目中评价质量风险。', '9'), ('101', '2016-01-28 17:20:35', '2016-01-28 17:20:35', 'K3', '3.2.2', '1', '基于迭代内容和质量风险，估算测试工作量。', '9'), ('102', '2016-01-28 17:20:57', '2016-01-28 17:20:57', 'K3', '3.3.1', '1', '理解为支持测试活动相关的信息。', '9'), ('103', '2016-01-28 17:21:34', '2016-01-28 17:21:34', 'K2', '3.3.2', '1', '能给业务干系人解释如何定义可测试的验收准则。', '9'), ('104', '2016-01-28 17:21:55', '2016-01-28 17:21:55', 'K3', '3.3.3', '1', '给定一个用户故事，编写验收测试驱动开发（ATDD）的测试用例。', '9'), ('105', '2016-01-28 17:22:36', '2016-01-28 17:22:36', 'K3', '3.3.4', '1', '基于给定的用户故事，使用黑盒测试设计技术，编写功能和非功能性测试用例。', '9'), ('106', '2016-01-28 17:22:57', '2016-01-28 17:22:57', 'K3', '3.3.5', '1', '在敏捷项目中使用探索性测试。', '9'), ('107', '2016-01-28 17:23:26', '2016-01-28 17:23:26', 'K1', '3.4.1', '1', '复述在敏捷项目中，根据目的和活动，测试人员可用的工具。', '9'), ('111', '2016-02-05 11:00:00', '2016-02-05 11:00:00', 'K1', '1.0.0', '1', '基于敏捷测试术语的试题', '10'), ('112', '2017-04-24 16:59:37', '2017-04-24 16:59:37', 'K2', '1.2.1', '1', '解释在不同的软件开发生命周期中，测试分析师如何以及为什么在介入时间和介入程度上会有不同。', '11'), ('113', '2017-04-24 17:00:19', '2017-04-24 17:00:19', 'K2', '1.3.1', '1', '总结测试分析师为支持测试计划和控制过程而开展的活动。', '11'), ('114', '2017-04-24 17:01:11', '2017-04-24 17:01:11', 'K4', '1.4.1', '3', '分析一个包括项目描述和生命周期模型的场景，确定测试分析师在测试分析和设计阶段的主要任务。', '11'), ('115', '2017-04-24 17:01:34', '2017-04-24 17:01:34', 'K2', '1.5.1', '1', '解释利益相关者应该理解测试用例的原因。', '11'), ('116', '2017-04-24 17:13:09', '2017-04-24 17:13:09', 'K4', '1.5.2', '3', '分析一个项目场景，确定最合适的详细（实际）测试用例和概要（逻辑）测试用例。', '11'), ('117', '2017-04-24 17:13:41', '2017-04-24 17:13:41', 'K2', '1.6.1', '1', '描述典型的测试分析和设计的出口准则，解释满足这些准则对测试实施工作量的影响。', '11'), ('118', '2017-04-24 17:14:14', '2017-04-24 17:14:14', 'K3', '1.7.1', '2', '针对一个给定的场景，确定执行测试时应采取的步骤和考虑因素。', '11'), ('119', '2017-04-24 17:14:45', '2017-04-24 17:14:45', 'K2', '1.8.1', '1', '解释为什么准确的测试用例执行状态信息非常重要。', '11'), ('120', '2017-04-24 17:16:16', '2017-04-24 17:16:16', 'K2', '1.9.1', '1', '举例说明在测试结束活动中测试分析师应该交付的工作产品。', '11'), ('121', '2017-04-24 17:16:53', '2017-04-24 17:16:53', 'K2', '2.2.1', '1', '解释测试过程中必须跟踪的各种信息类型，以进行足够的项目监控。', '12'), ('122', '2017-04-24 17:18:20', '2017-04-24 17:18:20', 'K2', '2.3.1', '1', '举例说明在24小时持续工作的测试环境下进行良好的沟通。', '12'), ('123', '2017-04-24 17:20:36', '2017-04-24 17:20:36', 'K3', '2.4.1', '2', '在给定的项目环境中，参与风险识别，开展风险评估和提供合适的风险缓解建议。', '12'), ('124', '2017-04-24 17:21:09', '2017-04-24 17:21:09', 'K2', '3.2.1', '1', '解释因果图的应用。', '13'), ('125', '2017-04-24 17:22:35', '2017-04-24 17:22:35', 'K3', '3.2.2', '2', '使用等价类划分的测试设计技术，对给定的规格说明项编写测试用例以达到测试覆盖的要求。', '13'), ('126', '2017-04-24 17:23:51', '2017-04-24 17:23:51', 'K3', '3.2.3', '2', '使用边界值分析的测试设计技术，对给定的规格说明项编写测试用例以达到测试覆盖的要求。', '13'), ('127', '2017-04-24 17:33:31', '2017-04-24 17:33:31', 'K3', '3.2.4', '2', '使用决策表分析的测试设计技术，对给定的规格说明项编写测试用例以达到测试覆盖的要求。', '13'), ('128', '2017-04-25 15:27:36', '2017-04-25 15:27:36', 'K3', '3.2.5', '2', '使用状态转换的测试设计技术，对给定的规格说明项编写测试用例以达到测试覆盖的要求。', '13'), ('129', '2017-04-25 15:37:48', '2017-04-25 15:37:48', 'K3', '3.2.6', '2', '使用分类树的测试设计技术，对给定的规格说明项编写测试用例以达到测试覆盖的要求。', '13'), ('130', '2017-04-25 15:40:12', '2017-04-25 15:40:12', 'K3', '3.2.7', '2', '使用结对的测试设计技术，对给定的规格说明项编写测试用例以达到测试覆盖的要求。', '13'), ('131', '2017-04-25 15:40:32', '2017-04-25 15:40:32', 'K3', '3.2.8', '2', '使用用例测试（use case）设计技术，对给定的规格说明项编写测试用例以达到测试覆盖的要求。', '13'), ('132', '2017-04-25 15:49:14', '2017-04-25 15:49:14', 'K3', '3.2.9', '2', '阐述在敏捷开发项目中如何利用用户故事来指导测试。', '13'), ('133', '2017-04-25 15:49:32', '2017-04-25 15:49:32', 'K3', '3.2.10', '2', '使用域分析的测试设计技术，对给定的规格说明项编写测试用例以达到测试覆盖的要求。', '13'), ('134', '2017-04-25 15:50:08', '2017-04-25 15:50:08', 'K4', '3.2.11', '3', '分析系统或需求规格说明，以确定发现缺陷的可能类型并选择合适的基于规格说明测试技术。', '13'), ('136', '2017-04-26 17:03:32', '2017-04-26 17:03:32', 'K2', '3.3.1', '1', '描述基于缺陷测试技术的应用，区分它与基于规格说明测试技术在使用上有什么不同。', '13'), ('137', '2017-04-26 17:03:52', '2017-04-26 17:03:52', 'K4', '3.3.2', '3', '采用一个好的缺陷分类判断标准，分析一个具体的缺陷分类例子是否适用于给定的场景。', '13'), ('138', '2017-04-26 17:04:12', '2017-04-26 17:04:12', 'K2', '3.4.1', '1', '解释基于经验测试技术的原则，并列出与基于规格说明和基于缺陷技术相比较的优缺点。 ', '13'), ('139', '2017-04-26 17:04:33', '2017-04-26 17:04:33', 'K3', '3.4.2', '2', '对一个给定的场景使用探索性测试并阐述如何报告一个测试结果。', '13'), ('140', '2017-04-26 17:19:33', '2017-04-26 17:19:33', 'K4', '3.4.3', '3', '对于一个给定的项目情况，为达到特定目标，确定使用哪些基于规格说明、基于缺陷或基于经验的技术。', '13'), ('141', '2017-04-27 10:00:05', '2017-04-27 10:00:05', 'K2', '4.2.1', '1', '举例解释哪些测试技术适用于测试准确性、适合性、互操作性和兼容性特性。', '14'), ('142', '2017-04-27 10:01:54', '2017-04-27 10:01:54', 'K2', '4.2.2', '1', '定义准确性、适合性和互操作性特性的典型缺陷。', '14'), ('143', '2017-04-27 10:03:32', '2017-04-27 10:03:32', 'K2', '4.2.3', '1', '在软件生命周期中定义何时应当进行准确性、适合性和互操作性特性的测试。', '14'), ('144', '2017-04-27 10:04:01', '2017-04-27 10:04:01', 'K4', '4.2.4', '3', '对于给定的项目背景，概述能够同时验证和确认实现易用性需求并满足用户期望的合适方法。', '14'), ('145', '2017-04-27 10:04:29', '2017-04-27 10:04:29', 'K2', '5.1.1', '1', '解释为何评审准备对测试分析师来说是重要的。', '15'), ('146', '2017-04-27 10:05:01', '2017-04-27 10:05:01', 'K4', '5.2.1', '3', '依据大纲中提供的检查表（checklist）信息，对一个用例或用户界面进行分析并发现问题。', '15'), ('147', '2017-04-27 10:05:26', '2017-04-27 10:05:26', 'K4', '5.2.2', '3', '依据大纲中提供的检查表（checklist）信息，对一个需求说明或用户故事进行分析并发现问题。', '15'), ('148', '2017-04-27 10:06:17', '2017-04-27 10:06:17', 'K2', '6.2.1', '1', '解释阶段遏制为何可以降低成本。', '16'), ('149', '2017-04-27 10:06:38', '2017-04-27 10:06:38', 'K2', '6.3.1', '1', '解释描述一个非功能缺陷的文档应该包含的内容。', '16'), ('150', '2017-04-27 10:07:06', '2017-04-27 10:07:06', 'K4', '6.4.1', '3', '对于给定的缺陷，识别、收集并记录分类信息。', '16'), ('151', '2017-04-27 10:07:32', '2017-04-27 10:07:32', 'K2', '6.5.1', '1', '解释根本原因分析的目的。', '16'), ('152', '2017-04-27 10:21:19', '2017-04-27 10:21:19', 'K2', '7.2.1', '1', '讲解使用测试数据准备工具、测试设计工具和测试执行工具的益处。', '17'), ('153', '2017-04-27 10:21:46', '2017-04-27 10:21:46', 'K2', '7.2.2', '1', '讲解测试分析师在关键字驱动自动化测试中的作用。', '17'), ('154', '2017-04-27 10:22:58', '2017-04-27 10:22:58', 'K2', '7.2.3', '1', '讲解针对自动化测试执行失败的故障排除步骤。', '17'), ('155', '2017-04-27 11:18:41', '2017-04-27 11:18:41', 'K4', '1.2.1', '3', '为了计划测试活动和工作产品来实现测试目标，必须对一个系统的测试需求进行分析 ', '18'), ('156', '2017-04-27 11:21:30', '2017-04-27 11:21:30', 'K3', '1.3.1', '2', '使用可追溯性来检查与测试目标、测试策略和测试计划相关的已定义测试条件的完整性和一致性', '18'), ('157', '2017-04-27 11:21:51', '2017-04-27 11:21:51', 'K2', '1.3.2', '1', '解释可能影响所规定测试条件详细程度的因素，以及详细规定测试条件的优点和缺点', '18'), ('158', '2017-04-27 11:22:21', '2017-04-27 11:22:21', 'K3', '1.4.1', '2', '使用可追溯性来检查与已定义测试条件相关的所设计测试用例的完整性和一致性', '18'), ('159', '2017-04-27 11:22:54', '2017-04-27 11:22:54', 'K3', '1.5.1', '2', '使用风险、优先级、测试环境和数据依赖以及限制条件来制定测试执行的进度，该进度针对测试目标、测试策略和测试计划是完整和一致的', '18'), ('160', '2017-04-27 11:23:12', '2017-04-27 11:23:12', 'K3', '1.6.1', '2', '使用可追溯性来监督测试进展与测试目标、测试策略和测试计划的一致性和完整性', '18'), ('161', '2017-04-27 11:23:31', '2017-04-27 11:23:31', 'K2', '1.7.1', '1', '解释在测试过程中准确和及时信息收集的重要性，以便支持准确的报告和对照出口准则进行评价', '18'), ('162', '2017-04-27 11:23:56', '2017-04-27 11:23:56', 'K2', '1.8.1', '1', '总结四组测试结束活动', '18'), ('163', '2017-04-27 11:24:23', '2017-04-27 11:24:23', 'K3', '1.8.2', '2', '实现项目回顾以评价过程和发现改进领域', '18'), ('164', '2017-04-27 14:09:59', '2017-04-27 14:09:59', 'K4', '2.2.1', '3', '分析软件项目或程序的干系人、环境、需求，包括软件开发生命周期模型，并识别最佳测试活动', '19'), ('165', '2017-04-27 14:10:19', '2017-04-27 14:10:19', 'K2', '2.2.2', '1', '理解软件开发生命周期中的活动和工作产品如何影响测试，以及测试如何影响软件开发生命周期中的活动和工作产品', '19'), ('166', '2017-04-27 14:10:38', '2017-04-27 14:10:38', 'K2', '2.2.3', '1', '解释在基于经验的测试和非功能性测试中对测试管理问题进行处置的方法。', '19'), ('167', '2017-04-27 14:14:13', '2017-04-27 14:14:13', 'K2', '2.3.1', '1', '基于风险的测试及其它测试优先级设定和工作量分配的方法', '19'), ('168', '2017-04-27 14:14:35', '2017-04-27 14:14:35', 'K2', '2.3.2', '1', '举例说明产品风险分析的不同技术', '19'), ('169', '2017-04-27 14:17:03', '2017-04-27 14:17:03', 'K4', '2.3.3', '3', '分析、识别和评估产品质量风险，从关键项目干系人的角度总结风险及评估的风险级别', '19'), ('170', '2017-04-27 14:17:27', '2017-04-27 14:17:27', 'K2', '2.3.4', '1', '描述在生命周期和测试过程中，怎样根据评估的风险级别，适当地缓解和管理识别的产品质量风险', '19'), ('171', '2017-04-27 14:17:48', '2017-04-27 14:17:48', 'K2', '2.3.5', '1', '举例说明测试选择、优先级设定和分工的不同方案', '19'), ('172', '2017-05-02 10:28:50', '2017-05-02 10:28:50', 'K4', '2.4.1', '3', '分析给出的测试方针和测试策略，建立主测试计划、级别测试计划和其它与这些文档相补充和相一致的测试工作产品', '19'), ('173', '2017-05-02 10:31:35', '2017-05-02 10:31:35', 'K4', '2.4.2', '3', '针对给定的项目，分析项目风险并选择适当的风险管理方案（如缓解、应急、转移和／或接受）', '19'), ('174', '2017-05-02 10:31:54', '2017-05-02 10:31:54', 'K2', '2.4.3', '1', '描述并举例说明测试策略如何影响测试活动', '19'), ('175', '2017-05-02 10:40:11', '2017-05-02 10:40:11', 'K3', '2.4.4', '2', '制定适合组织、生命周期以及项目需要的测试工作产品的文档规范和模版，适时裁剪标准的主体部分，生成可用模版', '19'), ('176', '2017-05-02 10:40:58', '2017-05-02 10:40:58', 'K2', '2.5.1', '1', '针对给定的项目，使用所有适当的估算技术创建整个测试过程活动的估算', '19'), ('177', '2017-05-02 10:41:38', '2017-05-02 10:41:38', 'K2', '2.5.2', '1', '理解可能影响测试估算的因素，并举例说明', '18'), ('178', '2017-05-02 10:42:03', '2017-05-02 10:42:03', 'K2', '2.6.1', '1', '描述并比较典型的测试相关度量', '19'), ('179', '2017-05-02 10:42:22', '2017-05-02 10:42:22', 'K2', '2.6.2', '1', '比较不同层面的测试进度监控', '19'), ('180', '2017-05-02 10:42:44', '2017-05-02 10:42:44', 'K4', '2.6.3', '3', '分析和汇报测试结果，主要包括遗留风险、缺陷状态、测试执行状态、测试覆盖状态以及信心来提供见解和建议，帮助项目干系人做出发布决策', '19'), ('181', '2017-05-02 10:54:33', '2017-05-02 10:54:33', 'K2', '2.7.1', '1', '分别给出决定质量成本四种类别的例子', '19'), ('182', '2017-05-02 10:55:12', '2017-05-02 10:55:12', 'K3', '2.7.2', '2', '基于质量成本，以及其它定性和定量的考虑，估算测试的价值，并将其告知测试干系人', '19'), ('183', '2017-05-02 10:57:19', '2017-05-02 10:57:19', 'K2', '2.8.1', '1', '理解如何成功运用不同人员策略构建团队：是利用分布式团队、外包团队还是内包试团队', '19'), ('184', '2017-05-02 10:59:14', '2017-05-02 10:59:14', 'K2', '2.9.1', '1', '总结软件测试标准的来源及使用', '19'), ('185', '2017-05-02 11:05:27', '2017-05-02 11:05:27', 'K2', '3.2.1', '1', '了解管理评审和审计的关键特性', '20'), ('186', '2017-05-02 11:13:04', '2017-05-02 11:13:04', 'K4', '3.3.1', '3', '分析项目，选择适宜的评审类型并定义开展评审的计划，确保评审得到适当的实施、跟进，和确定责任', '20'), ('187', '2017-05-02 11:17:59', '2017-05-02 11:17:59', 'K2', '3.3.2', '1', '了解参与评审需要的因素，技能和时间', '20'), ('188', '2017-05-02 11:26:22', '2017-05-02 11:26:22', 'K3', '3.4.1', '2', '定义评审使用的过程和产品度量', '20'), ('189', '2017-05-02 11:26:40', '2017-05-02 11:26:40', 'K2', '3.5.1', '1', '举例说明正式评审的特点', '20'), ('190', '2017-05-02 11:31:01', '2017-05-02 11:31:01', 'K3', '4.2.1', '2', '为测试组织开发缺陷管理过程，包括缺陷报告流程，用于在测试生命周期中监控项目缺陷', '21'), ('191', '2017-05-02 11:31:24', '2017-05-02 11:31:24', 'K2', '4.2.2', '1', '说明有效的缺陷管理必需的过程和参与者', '21'), ('192', '2017-05-02 11:33:47', '2017-05-02 11:33:47', 'K3', '4.3.1', '2', '定义在缺陷管理过程中应该收集的数据和分类信息', '21'), ('193', '2017-05-02 11:34:44', '2017-05-02 11:34:44', 'K2', '4.4.1', '1', '解释缺陷报告信息怎样用于评估测试和软件开发过程的过程能力Explain', '21'), ('194', '2017-05-02 11:35:05', '2017-05-02 11:35:05', 'K2', '5.2.1', '1', '举例说明为什么测试过程改进是重要的', '22'), ('195', '2017-05-02 11:35:24', '2017-05-02 11:35:24', 'K3', '5.3.1', '3', '使用IDEAL模型定义测试过程改进计划', '22'), ('196', '2017-05-02 11:36:14', '2017-05-02 11:36:14', 'K2', '5.4.1', '1', '总结TMMi测试过程改进模型的背景，范围和目标', '22'), ('197', '2017-05-02 11:37:15', '2017-05-02 11:37:15', 'K2', '5.5.1', '1', '总结TPI-Next测试过程改进模型的背景，范围和目标', '22'), ('198', '2017-05-02 11:37:35', '2017-05-02 11:37:35', 'K2', '5.6.1', '1', '总结CTP测试过程改进模型的背景，范围和目标', '22'), ('199', '2017-05-02 11:37:54', '2017-05-02 11:37:54', 'K2', '5.7.1', '1', '总结STEP测试过程改进模型的背景，范围和目标', '22'), ('200', '2017-05-02 11:39:23', '2017-05-02 11:39:23', 'K2', '6.2.1', '1', '描述选择开源工具时需要考虑的管理问题', '23'), ('201', '2017-05-02 11:40:02', '2017-05-02 11:40:02', 'K2', '6.2.2', '1', '描述决定定制工具时需要考虑的管理问题', '23'), ('202', '2017-05-02 11:40:31', '2017-05-02 11:40:31', 'K4', '6.2.3', '3', '对一个给定的情况作出评估，来制定选择工具的计划，包括风险、成本和收益', '23'), ('203', '2017-05-02 11:43:46', '2017-05-02 11:43:46', 'K2', '6.3.1', '1', '阐述一个工具的生命周期的不同阶段', '23'), ('204', '2017-05-02 11:44:39', '2017-05-02 11:44:39', 'K2', '6.4.1', '1', '阐述如何通过使用工具来改进度量的收集和评估', '23'), ('205', '2017-05-02 11:45:20', '2017-05-02 11:45:20', 'K4', '7.2.1', '3', '使用技能评估数据表，分析团队成员在使用软件系统、领域及业务知识、系统开发领域、软件测试及人际交往技能方面的强项和弱项', '24'), ('206', '2017-05-02 11:48:50', '2017-05-02 11:48:50', 'K4', '7.2.2', '3', '分析一次给定的团队技能评估，制定一份培训及技能培养计划', '24'), ('207', '2017-05-02 11:49:07', '2017-05-02 11:49:07', 'K2', '7.3.1', '1', '针对某一给定的情况，讨论领导测试团队所必须具备的硬技能和软技能', '24'), ('208', '2017-05-02 11:51:47', '2017-05-02 11:51:47', 'K2', '7.4.1', '1', '说明独立测试的可选做法', '24'), ('209', '2017-05-02 11:52:07', '2017-05-02 11:52:07', 'K2', '7.5.1', '1', '列举对测试人员动机产生积极和消极影响的因素', '24'), ('210', '2017-05-02 11:52:26', '2017-05-02 11:52:26', 'K2', '7.6.1', '1', '说明哪些因素会影响测试团队内的沟通，哪些因素会影响测试团队与干系人之间的沟通', '24'), ('211', '2017-05-02 14:42:47', '2017-05-02 14:42:47', 'K2', '1.3.1', '1', '总结技术测试分析师需要考虑的、典型的风险因素。', '25'), ('212', '2017-05-02 14:51:55', '2017-05-02 14:51:55', 'K2', '1.x.1', '1', '总结在基于风险的测试方法中，技术测试分析师在测试计划和测试执行过程中的相关活动。', '25'), ('213', '2017-05-02 15:20:05', '2017-05-02 15:20:05', 'K2', '2.2.1', '1', '理解如何实现条件覆盖以及为何判定覆盖比条件覆盖更严谨。', '26'), ('214', '2017-05-02 15:24:21', '2017-05-02 15:24:21', 'K3', '2.3.1', '2', '应用判定条件测试的测试设计技术设计测试用例以达到规定的覆盖率。', '26'), ('215', '2017-05-02 15:24:43', '2017-05-02 15:24:43', 'K3', '2.4.1', '2', '应用改进的条件/判定覆盖（MC/DC）测试的测试设计技术设计测试用例以达到规定的覆盖率。', '26'), ('216', '2017-05-02 15:25:26', '2017-05-02 15:25:26', 'K3', '2.5.1', '2', '应用复合条件测试的测试设计技术设计测试用例以达到规定的覆盖率。', '26'), ('217', '2017-05-02 15:25:47', '2017-05-02 15:25:47', 'K3', '2.6.1', '2', '应用路径测试的测试设计技术来设计测试用例。', '26'), ('218', '2017-05-02 15:33:05', '2017-05-02 15:33:05', 'K2', '2.7.1', '1', '理解API测试的适用性以及它所能发现的各种缺陷。', '26'), ('219', '2017-05-02 15:33:32', '2017-05-02 15:33:32', 'K4', '2.8.1', '3', '基于特定的项目状况选择一种合适的基于结构的测试技术。', '26'), ('220', '2017-05-02 15:34:01', '2017-05-02 15:34:01', 'K3', '3.2.1', '2', '运用控制流分析来检测代码是否存在控制流异常。', '27'), ('221', '2017-05-02 15:34:20', '2017-05-02 15:34:20', 'K3', '3.2.2', '2', '运用数据流分析来检测代码是否存在数据流异常。', '27'), ('222', '2017-05-02 15:35:30', '2017-05-02 15:35:30', 'K3', '3.2.3', '2', '提出运用静态分析的方法来提高代码的维护性。', '27'), ('223', '2017-05-02 15:35:49', '2017-05-02 15:35:49', 'K2', '3.2.4', '1', '解释调用图在建立集成测试策略中的作用。', '27'), ('224', '2017-05-02 15:36:08', '2017-05-02 15:36:08', 'K3', '3.3.1', '2', '列举运用动态分析所能达到的目标。', '27'), ('225', '2017-05-02 15:36:31', '2017-05-02 15:36:31', 'K4', '4.2.1', '3', '针对特定的项目和被测系统，对非功能需求进行分析，并编写测试计划的相关部分。', '28'), ('226', '2017-05-02 15:36:51', '2017-05-02 15:36:51', 'K3', '4.3.1', '2', '为安全性测试定义方法和设计概要测试用例.', '28'), ('227', '2017-05-02 15:37:10', '2017-05-02 15:37:10', 'K3', '4.4.1', '2', '为可靠性质量特性及其相应的ISO 9126子特性定义方法和设计概要测试用例。', '28'), ('228', '2017-05-02 15:37:57', '2017-05-02 15:37:57', 'K3', '4.5.1', '3', '为性能测试定义方法和设计概要测试用例。', '28'), ('229', '2017-05-02 15:38:51', '2017-05-02 15:38:51', 'K2', '4.x.1', '1', '理解和解释在测试策略和/或测试方法中包括维护性测试、可移植性测试和资源利用性测试的原因。', '28'), ('230', '2017-05-02 15:39:11', '2017-05-02 15:39:11', 'K3', '4.x.2', '2', '给定一个特定的产品风险，定义最合适的非功能性的测试类型。', '28'), ('231', '2017-05-02 15:39:40', '2017-05-02 15:39:40', 'K2', '4.x.3', '1', '理解和解释在应用程序的生命周期中，需要实施非功能测试的各个阶段。', '28'), ('232', '2017-05-02 15:40:10', '2017-05-02 15:40:10', 'K3', '4.x.4', '2', '对于一个给定的场景，定义通过运用非功能测试类型能找到的缺陷类型。', '28'), ('233', '2017-05-02 15:40:42', '2017-05-02 15:40:42', 'K2', '5.1.1', '1', '解释为何评审准备工作对技术测试分析师很重要。', '29'), ('234', '2017-05-02 15:41:10', '2017-05-02 15:41:10', 'K4', '5.2.1', '3', '根据大纲提供的检查表来分析架构设计及识别问题。', '29'), ('235', '2017-05-02 15:41:33', '2017-05-02 15:41:33', 'K4', '5.2.2', '3', '根据大纲提供的检查表来分析一部分代码或伪代码及识别问题。', '29'), ('236', '2017-05-02 15:44:13', '2017-05-02 15:44:13', 'K2', '6.1.1', '1', '描述多个工具同时使用时技术层面需要考虑的内容。', '30'), ('237', '2017-05-02 15:44:35', '2017-05-02 15:44:35', 'K2', '6.2.1', '1', '总结建立一个测试自动化项目时，技术测试分析师需要执行的任务。', '30'), ('238', '2017-05-02 15:48:45', '2017-05-02 15:48:45', 'K2', '6.2.2', '1', '总结数据驱动自动化和关键字驱动自动化的区别。', '30'), ('239', '2017-05-02 15:49:04', '2017-05-02 15:49:04', 'K2', '6.2.3', '1', '总结引起自动化项目不能达到预期投资回报的普遍技术问题。', '30'), ('240', '2017-05-02 15:49:58', '2017-05-02 15:49:58', 'K3', '6.2.4', '2', '根据给出的业务流程创建关键字列表。', '30'), ('241', '2017-05-02 15:50:26', '2017-05-02 15:50:26', 'K2', '6.3.1', '1', '总结缺陷散播和缺陷注入工具的使用目的。', '30'), ('242', '2017-05-02 15:50:49', '2017-05-02 15:50:49', 'K2', '6.3.2', '1', '总结性能测试和监控工具的主要特性和实施方面的问题。', '30'), ('243', '2017-05-02 15:57:08', '2017-05-02 15:57:08', 'K2', '6.3.3', '1', '解释基于网页测试的工具的一般目的。', '30'), ('244', '2017-05-02 15:58:05', '2017-05-02 15:58:05', 'K2', '6.3.4', '1', '解释工具如何支持基于模型测试的概念。', '30'), ('245', '2017-05-02 15:58:39', '2017-05-02 15:58:39', 'K2', '6.3.5', '1', '概述支持组件测试和构建（build）流程的工具的目的。', '30'), ('246', '2017-05-03 14:10:51', '2017-05-03 14:10:51', 'K2', '2.1.1', '1', '举例说明测试改进的典型原因。', '31'), ('247', '2017-05-03 14:12:46', '2017-05-03 14:12:46', 'K2', '2.1.2', '1', '比较测试改进与其它改进的目标和措施。', '31'), ('248', '2017-05-03 14:22:03', '2017-05-03 14:22:03', 'K2', '2.2.1', '1', '了解能够改进的测试的不同方面和相关方面', '31'), ('249', '2017-05-03 14:22:25', '2017-05-03 14:22:25', 'K2', '2.3.1', '1', '比较不同的质量观点', '31'), ('250', '2017-05-03 14:23:00', '2017-05-03 14:23:00', 'K2', '2.3.2', '1', '把不同的质量观点映射到测试中', '31'), ('251', '2017-05-03 14:23:21', '2017-05-03 14:23:21', 'K2', '2.4.1', '1', '理解戴明环步骤', '31'), ('252', '2017-05-03 14:23:43', '2017-05-03 14:23:43', 'K2', '2.4.2', '1', '比较改进过程的两个通用的方法（戴明环与IDEAL框架）', '31'), ('253', '2017-05-03 14:24:17', '2017-05-03 14:24:17', 'K2', '2.4.3', '1', '从测试过程改进的角度，列出各个卓越基本概念的例子', '31'), ('254', '2017-05-03 14:24:40', '2017-05-03 14:24:40', 'K2', '2.5.1', '1', '比较基于模型的方法、分析型方法和混合型方法的特点', '31'), ('255', '2017-05-03 14:25:05', '2017-05-03 14:25:05', 'K2', '2.5.2', '1', '了解混合型方法的必要性', '31'), ('256', '2017-05-03 14:25:37', '2017-05-03 14:25:37', 'K2', '2.5.3', '1', '了解在人员技能方面的改进需求，并解释在测试人员的配备、培训、咨询和指导等方面的改进', '31'), ('257', '2017-05-03 14:25:56', '2017-05-03 14:25:56', 'K2', '2.5.4', '1', '了解测试工具的引入如何改进测试过程的不同部分', '31'), ('258', '2017-05-03 14:26:26', '2017-05-03 14:26:26', 'K2', '2.5.5', '1', '了解改进的其他方法，例如，利用软件生命周期中的定期审查方法实施改进， 使用包含改进周期的测试方法（如在SCRUM中的项目回顾）实施改进，通过采纳标准的方法实施改进，以及通过聚焦于测试数据、测试环境等资源的方法实施改进', '31'), ('259', '2017-05-03 14:30:35', '2017-05-03 14:30:35', 'K2', '3.1.1', '1', '结合基本通用属性理解测试过程改进模型的属性', '32'), ('260', '2017-05-03 14:30:54', '2017-05-03 14:30:54', 'K2', '3.1.2', '1', '比较连续式和阶段式方法，包括它们的优缺点', '32'), ('261', '2017-05-03 14:31:17', '2017-05-03 14:31:17', 'K2', '3.1.3', '1', '对使用模型时所做的假设进行综合性总结', '32'), ('262', '2017-05-03 14:31:34', '2017-05-03 14:31:34', 'K2', '3.1.4', '1', '通过比较，讨论基于模型的方法优缺点', '32'), ('263', '2017-05-03 14:31:53', '2017-05-03 14:31:53', 'K2', '3.2.1', '1', '了解CMMI模型与测试的具体相关方面', '32'), ('264', '2017-05-03 14:34:17', '2017-05-03 14:34:17', 'K2', '3.2.2', '1', '将CMMI和ISO/IEC 15504-5中的测试过程改进适用性与专门为测试领域开发的测试过程改进（TPI）模型适用性进行比较', '32'), ('265', '2017-05-03 14:34:35', '2017-05-03 14:34:35', 'K2', '3.3.1', '1', '总结TPI Next测试过程改进模型的背景和结构', '32'), ('266', '2017-05-03 14:35:00', '2017-05-03 14:35:00', 'K2', '3.3.2', '1', '总结TPI Next测试过程改进模型的关键领域', '32'), ('267', '2017-05-03 14:36:42', '2017-05-03 14:36:42', 'K2', '3.3.3', '1', '总结TMMi测试过程改进模型的背景和结构', '32'), ('268', '2017-05-03 14:37:33', '2017-05-03 14:37:33', 'K2', '3.3.4', '1', '总结TMMi2级的过程域和目标', '32'), ('269', '2017-05-03 14:55:02', '2017-05-03 14:55:02', 'K2', '3.3.5', '1', ' 总结TMMi3级的过程域和目标', '32'), ('270', '2017-05-03 14:56:56', '2017-05-03 14:56:56', 'K2', '3.3.6', '1', '总结TMMi和CMMI之间的关系。', '32'), ('271', '2017-05-03 14:57:44', '2017-05-03 14:57:44', 'K2', '3.4.1', '1', '总结基于内容的STEP模型的背景和结构。', '32'), ('272', '2017-05-03 14:58:07', '2017-05-03 14:58:07', 'K2', '3.4.2', '1', '总结活动、工作产品和STEP模型的作用。', '32'), ('273', '2017-05-03 14:58:37', '2017-05-03 14:58:37', 'K2', '3.4.3', '1', '总结基于内容的CTP模型。', '32'), ('274', '2017-05-03 14:58:59', '2017-05-03 14:58:59', 'K2', '3.4.4', '1', '总结基于内容的CTP模型关键测试进程。', '32'), ('275', '2017-05-03 14:59:21', '2017-05-03 14:59:21', 'K2', '3.4.5', '1', '总结基于内容的CTP模型度量的作用。', '32'), ('276', '2017-05-03 14:59:54', '2017-05-03 14:59:54', 'K2', '3.4.6', '1', '比较在基于内容的方针中度量使用方法和在分析方针的度量使用方法（第4章）。', '32'), ('277', '2017-05-03 15:00:39', '2017-05-03 15:00:39', 'K2', '4.2.1', '1', '使用因果图表理解因果分析原因分析。', '33'), ('278', '2017-05-03 15:00:58', '2017-05-03 15:00:58', 'K2', '4.2.2', '1', '在审查过程中理解因果分析原因分析。', '33'), ('279', '2017-05-03 15:01:20', '2017-05-03 15:01:20', 'K2', '4.2.3', '1', '理解因果分析原因分析标准的异常分类。', '33'), ('280', '2017-05-03 15:01:41', '2017-05-03 15:01:41', 'K2', '4.2.4', '1', '比较各种因果分析原因分析方法。', '33'), ('281', '2017-05-03 15:03:00', '2017-05-03 15:03:00', 'K2', '4.3.1', '1', '描述“目标-问题-度量（GQM）”方法。', '33'), ('282', '2017-05-03 15:03:30', '2017-05-03 15:03:30', 'K2', '4.3.4', '1', '理解数据收集阶段的步骤和挑战。', '33'), ('283', '2017-05-03 15:03:48', '2017-05-03 15:03:48', 'K2', '4.3.5', '1', '理解解释阶段的步骤和挑战。', '33'), ('284', '2017-05-03 15:04:11', '2017-05-03 15:04:11', 'K2', '4.4.1', '1', '能够举例说明不同度量的类别，阐述在某个测试改进情景中如何使用这些度量类别。', '33'), ('285', '2017-05-03 15:05:14', '2017-05-03 15:05:14', 'K2', '5.1.1', '1', '选择最适合的测试过程改进方法的理由。', '34'), ('286', '2017-05-03 15:05:59', '2017-05-03 15:05:59', 'K2', '6.1.1', '1', ' 总结测试方针的主要元素。', '35'), ('287', '2017-05-03 15:06:21', '2017-05-03 15:06:21', 'K2', '6.2.1', '1', '概述IDEAL改进框架启动阶段的活动。', '35'), ('288', '2017-05-03 15:06:45', '2017-05-03 15:06:45', 'K2', '6.3.1', '1', '概述IDEAL改进框架诊断阶段的活动。', '35'), ('289', '2017-05-03 15:07:15', '2017-05-03 15:07:15', 'K2', '6.3.4', '1', '概述解决方案分析的方法。', '35'), ('290', '2017-05-03 15:07:46', '2017-05-03 15:07:46', 'K2', '6.4.1', '1', '概述IDEAL改进框架创建阶段的活动。', '35'), ('291', '2017-05-03 15:08:09', '2017-05-03 15:08:09', 'K2', '6.4.3', '1', '比较自顶向下和自底向上改进方法。', '35'), ('292', '2017-05-03 15:08:25', '2017-05-03 15:08:25', 'K2', '6.4.4', '1', '概述测试改进计划的典型内容。', '35'), ('293', '2017-05-03 15:08:58', '2017-05-03 15:08:58', 'K2', '6.5.1', '1', '概述IDEAL改进框架实施阶段的活动。', '35'), ('294', '2017-05-03 15:09:21', '2017-05-03 15:09:21', 'K2', '6.6.1', '1', '概述IDEAL改进框架学习阶段的活动。', '35'), ('295', '2017-05-03 15:10:25', '2017-05-03 15:10:25', 'K2', '7.1.1', '1', '理解测试改进项目中测试过程组TPG的角色、任务和职责。', '36'), ('296', '2017-05-03 15:10:47', '2017-05-03 15:10:47', 'K2', '7.1.3', '1', '理解开发活动外包或离岸对组织测试改进项目的影响。', '36'), ('297', '2017-05-03 15:11:08', '2017-05-03 15:11:08', 'K2', '7.2.1', '1', '理解测试过程改进项目中的个人角色。', '36'), ('298', '2017-05-03 15:11:24', '2017-05-03 15:11:24', 'K2', '7.3.1', '1', '理解执行评估的必要技能。', '36'), ('299', '2017-05-03 15:11:48', '2017-05-03 15:11:48', 'K2', '7.3.5', '1', '理解测试过程改进项目中的演示和报告技能。', '36'), ('300', '2017-05-03 15:12:03', '2017-05-03 15:12:03', 'K2', '7.3.6', '1', '理解测试过程改进项目中的说服技巧。', '36'), ('301', '2017-05-03 15:12:44', '2017-05-03 15:12:44', 'K2', '8.2.1', '1', '变更管理的基本流程概述。', '37'), ('302', '2017-05-03 15:13:10', '2017-05-03 15:13:10', 'K2', '8.3.1', '1', '概述变更管理过程中的人为因素。', '37'), ('303', '2017-05-03 15:13:55', '2017-05-03 15:13:55', 'K2', '9.1.1', '1', '解释因未考虑成功的关键要素带来的风险。', '38'), ('304', '2017-05-03 15:14:18', '2017-05-03 15:14:18', 'K2', '9.2.1', '1', '理解建立改进文化所包含的因素。', '38'), ('305', '2017-05-03 15:14:50', '2017-05-03 15:14:50', 'K2', '10.1.1', '1', '了解改进的组织方式的影响因素并且这些因素总是与环境相关。', '39'), ('306', '2017-05-03 15:15:07', '2017-05-03 15:15:07', 'K2', '10.1.2', '1', '总结敏捷环境中的测试改进方法。', '39'), ('307', '2017-05-03 15:15:29', '2017-05-03 15:15:29', 'K2', '10.1.3', '1', '总结迭代环境中的测试改进方法。', '39'), ('308', '2017-05-03 15:15:45', '2017-05-03 15:15:45', 'K2', '10.1.4', '1', '举例说明改进模型何处需要调整以适应敏捷和/或迭代生命周期。', '39'), ('310', '2017-08-01 15:55:51', '2017-08-01 15:55:51', 'K1', '2.1.1', '1', '123', '41'), ('311', '2017-09-27 14:41:33', '2017-09-27 14:41:33', 'K1', '2.9.1', '1', 'oko', '42'), ('312', '2017-11-01 09:33:04', '2017-11-01 09:33:04', 'K1', '1.1.0', '1', '基于模型的测试基础级术语', '50'), ('314', '2017-11-01 09:34:38', '2017-11-01 09:34:38', 'K2', '1.1.1', '1', '描述采用MBT可期望的收益', '50'), ('315', '2017-11-01 09:35:51', '2017-11-01 09:35:51', 'K2', '1.1.2', '1', '描述采用MBT的误导人的期望和陷阱', '50'), ('316', '2017-11-01 09:37:10', '2017-11-01 09:37:10', 'K2', '1.2.1', '1', '总结在测试过程中部署MBT的特定活动', '50'), ('317', '2017-11-01 09:38:23', '2017-11-01 09:38:23', 'K1', '1.2.2', '1', '记忆基本的MBT工件（输入和输出）', '50'), ('318', '2017-11-01 09:38:58', '2017-11-01 09:38:58', 'K2', '1.3.1 ', '1', '描述如何将MBT集成到软件开发生命周期过程', '50'), ('319', '2017-11-01 09:39:44', '2017-11-01 09:39:44', 'K2', '1.3.2', '1', '描述MBT是如何支持需求工程的', '50'), ('320', '2017-11-01 09:44:18', '2017-11-01 09:44:18', 'K3', '2.1.1', '1', '使用基于工作流的模型语言，针对一个测试对象和预定义的测试目标，开发一个简单的MBT模型（参考9.1节-“简单”表示少于15个模型元素）。', '51'), ('321', '2017-11-01 09:44:59', '2017-11-01 09:44:59', 'K3', '2.1.2', '1', '使用基于状态迁移的模型语言，针对一个测试对象和预定义的测试目标，开发一个简单的MBT模型。（参考9.2节-“简单”表示少于15个模型元素）。', '51'), ('322', '2017-11-01 09:45:35', '2017-11-01 09:45:35', 'K2', '2.1.3', '1', '根据主题和关注点对MBT模型进行归类', '51'), ('323', '2017-11-01 09:46:27', '2017-11-01 09:46:27', 'K2', '2.1.4', '1', '给出MBT模型是如何依赖于测试目标的例子', '51'), ('324', '2017-11-01 09:47:01', '2017-11-01 09:47:01', 'K1', '2.2.1', '1', '记忆常用的MBT的各类模型语言的例子', '51'), ('325', '2017-11-01 09:47:39', '2017-11-01 09:47:39', 'K1', '2.2.2', '1', '记忆针对不同的系统和项目目标，了解典型的建模语言类的代表', '51'), ('326', '2017-11-01 09:48:19', '2017-11-01 09:48:19', 'K1', '2.3.1', '1', '记忆MBT模型的质量特性', '51'), ('327', '2017-11-01 09:48:57', '2017-11-01 09:48:57', 'K2', '2.3.2', '1', '描述在MBT建模活动中典型的错误和陷阱', '51'), ('328', '2017-11-01 09:49:29', '2017-11-01 09:49:29', 'K2', '2.3.3', '1', '解释将需求和过程相关的信息与MBT模型联系起来的优势', '51'), ('329', '2017-11-01 09:49:58', '2017-11-01 09:49:58', 'K2', '2.3.4', '1', '解释MBT建模指导方针的必要性', '51'), ('330', '2017-11-01 09:50:26', '2017-11-01 09:50:26', 'K2', '2.3.5', '1', '给出例子说明什么时候适合或不适合重用已有模型 （来自需求阶段或者开发阶段）', '51'), ('331', '2017-11-01 09:50:54', '2017-11-01 09:50:54', 'K1', '2.3.6', '1', '记忆支持特定的MBT建模活动的工具类型', '51'), ('332', '2017-11-01 09:51:29', '2017-11-01 09:51:29', 'K2', '2.3.7', '1', '对迭代的MBT模型开发、评审和确认进行总结', '51'), ('333', '2017-11-01 09:56:37', '2017-11-01 09:56:37', 'K1', '3.1.0.1', '1', '基于模型的测试基础级术语', '52'), ('334', '2017-11-01 09:57:24', '2017-11-01 09:57:24', 'K1', '3.1.0.2', '1', '基于模型的测试基础级术语', '52'), ('335', '2017-11-01 09:57:56', '2017-11-01 09:57:56', 'K2', '3.1.1', '1', '根据模型的测试生成所使用的测试选择准则的归类', '52'), ('336', '2017-11-01 09:58:35', '2017-11-01 09:58:35', 'K3', '3.1.2', '1', '从MBT模型生成测试用例，以实现给定环境中给定的测试目标', '52'), ('337', '2017-11-01 10:00:20', '2017-11-01 10:00:20', 'K2', '3.1.3', '1', '提供模型覆盖、 数据相关、 基于模式和场景、以及基于项目测试选择准则的示例', '52'), ('338', '2017-11-01 10:00:54', '2017-11-01 10:00:54', 'K2', '3.1.4', '1', '识别MBT测试选择准则如何与ISTQB®基础的测试设计技术相结合', '52'), ('339', '2017-11-01 10:01:29', '2017-11-01 10:01:29', 'K1', '3.2.1', '1', '记忆测试工件生成自动化的程度', '52'), ('340', '2017-11-01 10:01:58', '2017-11-01 10:01:58', 'K3', '3.2.2', '1', '将给定的测试选择准则应用到一个给定的MBT模型', '52'), ('341', '2017-11-01 10:02:29', '2017-11-01 10:02:29', 'K2', '3.2.3', '1', '描述MBT测试选择准则的良好实践', '52'), ('342', '2017-11-01 10:05:58', '2017-11-01 10:05:58', 'K1', '4.1.0', '1', '基于模型的测试基础级术语', '53'), ('343', '2017-11-01 10:06:30', '2017-11-01 10:06:30', 'K2', '4.1.1', '1', '解释在MBT环境中的抽象和具体测试用例的不同点', '53'), ('344', '2017-11-01 10:07:01', '2017-11-01 10:07:01', 'K2', '4.1.2', '1', '解释MBT环境中不同类型的测试执行', '53'), ('345', '2017-11-01 10:07:53', '2017-11-01 10:07:53', 'K3', '4.1.3', '1', '当需求、测试对象或测试目标变更时，更新MBT模型和测试生成', '53'), ('346', '2017-11-01 10:08:30', '2017-11-01 10:08:30', 'K2', '4.2.1', '1', '解释MBT中的测试执行需要哪种测试适配工作', '53'), ('347', '2017-11-01 10:11:55', '2017-11-01 10:11:55', 'K2', '5.1.1', '1', '描述引入MBT的ROI因素', '54'), ('348', '2017-11-01 10:12:23', '2017-11-01 10:12:23', 'K2', '5.1.2', '1', '解释项目目标是如何关联到MBT方法的特征的', '54'), ('349', '2017-11-01 10:13:45', '2017-11-01 10:13:45', 'K1', '5.1.3', '1', '记忆用于测量MBT的过程与结果所选取的度量和关键绩效指标', '54'), ('350', '2017-11-01 10:14:12', '2017-11-01 10:14:12', 'K1', '5.2.1', '1', '记忆部署MBT时对于测试管理、变更管理和协同工作时的良好实践', '54'), ('351', '2017-11-01 10:14:40', '2017-11-01 10:14:40', 'K1', '5.2.2', '1', '记忆MBT的成本因素', '54'), ('352', '2017-11-01 10:15:11', '2017-11-01 10:15:11', 'K2', '5.2.3', '1', '给出MBT工具与配置管理、需求管理、测试管理和自动化测试工具进行整合的例子', '54'), ('353', '2018-09-19 14:36:19', '2018-09-19 14:36:19', 'K1', '1.1.1', '1', '软件测试基础', '55'), ('354', '2020-03-16 16:33:39', '2020-03-16 16:33:41', 'k1', '1.1.1', '1', '软件测试概论', '55');
COMMIT;

-- ----------------------------
--  Table structure for `project`
-- ----------------------------
DROP TABLE IF EXISTS `project`;
CREATE TABLE `project` (
  `id` int(11) NOT NULL AUTO_INCREMENT,
  `created_on` datetime NOT NULL,
  `updated_on` datetime NOT NULL,
  `custom_field1` varchar(255) DEFAULT NULL,
  `custom_field2` varchar(255) DEFAULT NULL,
  `custom_field3` varchar(255) DEFAULT NULL,
  `exported_on` datetime DEFAULT NULL,
  `finish_date` date DEFAULT NULL,
  `name` varchar(255) NOT NULL,
  `start_date` date DEFAULT NULL,
  `exported_by` int(11) DEFAULT NULL,
  `facilitator_id` int(11) NOT NULL,
  `status_id` int(11) NOT NULL,
  `syllabus_id` int(11) DEFAULT NULL,
  PRIMARY KEY (`id`),
  UNIQUE KEY `UK_3k75vvu7mevyvvb5may5lj8k7` (`name`),
  KEY `FK_me72p0k7n5mpnoieinaymgckr` (`exported_by`),
  KEY `FK_gla35o52d1qcrxgbfrdstn1qn` (`facilitator_id`),
  KEY `FK_cmq2womflwqgdijyxklbasgdi` (`status_id`),
  KEY `FK_7x1lbg3ru2e55annuyooest2g` (`syllabus_id`),
  CONSTRAINT `FK_7x1lbg3ru2e55annuyooest2g` FOREIGN KEY (`syllabus_id`) REFERENCES `syllabus` (`id`),
  CONSTRAINT `FK_cmq2womflwqgdijyxklbasgdi` FOREIGN KEY (`status_id`) REFERENCES `project_status` (`id`),
  CONSTRAINT `FK_gla35o52d1qcrxgbfrdstn1qn` FOREIGN KEY (`facilitator_id`) REFERENCES `user` (`id`),
  CONSTRAINT `FK_me72p0k7n5mpnoieinaymgckr` FOREIGN KEY (`exported_by`) REFERENCES `user` (`id`)
) ENGINE=InnoDB AUTO_INCREMENT=3 DEFAULT CHARSET=utf8;

-- ----------------------------
--  Records of `project`
-- ----------------------------
BEGIN;
INSERT INTO `project` VALUES ('1', '2020-03-16 18:02:29', '2020-03-16 18:02:29', null, null, null, null, '2020-05-12', 'test0316', '2020-03-16', null, '1', '1', '3'), ('2', '2020-03-16 18:03:08', '2020-03-16 18:03:08', null, null, null, null, '2020-05-02', 'test0316b', '2020-03-16', null, '1', '1', '3');
COMMIT;

-- ----------------------------
--  Table structure for `project_status`
-- ----------------------------
DROP TABLE IF EXISTS `project_status`;
CREATE TABLE `project_status` (
  `id` int(11) NOT NULL AUTO_INCREMENT,
  `created_on` datetime NOT NULL,
  `updated_on` datetime NOT NULL,
  `is_finish` bit(1) NOT NULL,
  `is_start` bit(1) NOT NULL,
  `name` varchar(255) NOT NULL,
  PRIMARY KEY (`id`),
  UNIQUE KEY `UK_gc9netg5vvbi8wn4vxmn6ey1t` (`name`)
) ENGINE=InnoDB AUTO_INCREMENT=4 DEFAULT CHARSET=utf8;

-- ----------------------------
--  Records of `project_status`
-- ----------------------------
BEGIN;
INSERT INTO `project_status` VALUES ('1', '2015-12-10 17:39:29', '2015-12-10 17:39:29', b'0', b'1', '开始'), ('2', '2015-12-10 17:39:36', '2015-12-10 17:39:36', b'1', b'0', '结束'), ('3', '2015-12-10 17:40:23', '2015-12-10 17:40:23', b'0', b'0', '进行中');
COMMIT;

-- ----------------------------
--  Table structure for `project_users`
-- ----------------------------
DROP TABLE IF EXISTS `project_users`;
CREATE TABLE `project_users` (
  `project_id` int(11) NOT NULL,
  `user_id` int(11) NOT NULL,
  KEY `FK_4isj8wuooru4brw3629wu4iyg` (`user_id`),
  KEY `FK_rl5jp955lxoxtbv6pa1wig6vd` (`project_id`),
  CONSTRAINT `FK_4isj8wuooru4brw3629wu4iyg` FOREIGN KEY (`user_id`) REFERENCES `user` (`id`),
  CONSTRAINT `FK_rl5jp955lxoxtbv6pa1wig6vd` FOREIGN KEY (`project_id`) REFERENCES `project` (`id`)
) ENGINE=InnoDB DEFAULT CHARSET=utf8;

-- ----------------------------
--  Records of `project_users`
-- ----------------------------
BEGIN;
INSERT INTO `project_users` VALUES ('2', '1'), ('1', '1'), ('1', '3'), ('1', '4'), ('1', '5'), ('1', '6'), ('1', '7');
COMMIT;

-- ----------------------------
--  Table structure for `question`
-- ----------------------------
DROP TABLE IF EXISTS `question`;
CREATE TABLE `question` (
  `id` int(11) NOT NULL AUTO_INCREMENT,
  `created_on` datetime NOT NULL,
  `updated_on` datetime NOT NULL,
  `authoring_finish_date` date NOT NULL,
  `authoring_start_date` date NOT NULL,
  `custom_field1` varchar(255) DEFAULT NULL,
  `custom_field2` varchar(255) DEFAULT NULL,
  `custom_field3` varchar(255) DEFAULT NULL,
  `description` varchar(40) DEFAULT NULL,
  `difficulty` int(11) NOT NULL,
  `memo` varchar(255) DEFAULT NULL,
  `multiple_choice` bit(1) NOT NULL DEFAULT b'0',
  `published` datetime DEFAULT NULL,
  `reviewing_finish_date` date DEFAULT NULL,
  `reviewing_start_date` date DEFAULT NULL,
  `scenario` text,
  `score` smallint(6) NOT NULL,
  `stem` text,
  `author_id` int(11) NOT NULL,
  `knowledge_point` int(11) DEFAULT NULL,
  `language` int(11) NOT NULL,
  `project_id` int(11) NOT NULL,
  `quality_admin_id` int(11) NOT NULL,
  `status` int(11) NOT NULL,
  `type` int(11) NOT NULL,
  `custom_filed1` varchar(255) DEFAULT NULL,
  `remark` text,
  PRIMARY KEY (`id`),
  KEY `FK_k179yjp59ndpikaaruth27f9m` (`author_id`),
  KEY `FK_j7imy0kvvgnmc9at4412exaxs` (`knowledge_point`),
  KEY `FK_jljdfx6hvc29oglbvo6h1fira` (`language`),
  KEY `FK_htpraiywcov18x05oog450542` (`project_id`),
  KEY `FK_bxxsn12lgu7q6kam1tsor1nr` (`quality_admin_id`),
  KEY `FK_hod8cehxh1lbef9lmlowmhwpk` (`status`),
  KEY `FK_64rlcm7utqkwfl1j2t3bqrv4n` (`type`),
  CONSTRAINT `FK_64rlcm7utqkwfl1j2t3bqrv4n` FOREIGN KEY (`type`) REFERENCES `question_type` (`id`),
  CONSTRAINT `FK_bxxsn12lgu7q6kam1tsor1nr` FOREIGN KEY (`quality_admin_id`) REFERENCES `user` (`id`),
  CONSTRAINT `FK_hod8cehxh1lbef9lmlowmhwpk` FOREIGN KEY (`status`) REFERENCES `question_status` (`id`),
  CONSTRAINT `FK_htpraiywcov18x05oog450542` FOREIGN KEY (`project_id`) REFERENCES `project` (`id`),
  CONSTRAINT `FK_j7imy0kvvgnmc9at4412exaxs` FOREIGN KEY (`knowledge_point`) REFERENCES `knowledge_point` (`id`),
  CONSTRAINT `FK_jljdfx6hvc29oglbvo6h1fira` FOREIGN KEY (`language`) REFERENCES `question_language` (`id`),
  CONSTRAINT `FK_k179yjp59ndpikaaruth27f9m` FOREIGN KEY (`author_id`) REFERENCES `user` (`id`)
) ENGINE=InnoDB DEFAULT CHARSET=utf8;

-- ----------------------------
--  Table structure for `question_choice`
-- ----------------------------
DROP TABLE IF EXISTS `question_choice`;
CREATE TABLE `question_choice` (
  `id` int(11) NOT NULL AUTO_INCREMENT,
  `created_on` datetime NOT NULL,
  `updated_on` datetime NOT NULL,
  `choice_label` char(1) NOT NULL,
  `content` text NOT NULL,
  `is_correct_answer` bit(1) NOT NULL,
  `question_id` int(11) NOT NULL,
  PRIMARY KEY (`id`),
  KEY `FK_drrr6mb7k16ao25w6txc41pdd` (`question_id`),
  CONSTRAINT `FK_drrr6mb7k16ao25w6txc41pdd` FOREIGN KEY (`question_id`) REFERENCES `question` (`id`)
) ENGINE=InnoDB DEFAULT CHARSET=utf8;

-- ----------------------------
--  Table structure for `question_choice_image`
-- ----------------------------
DROP TABLE IF EXISTS `question_choice_image`;
CREATE TABLE `question_choice_image` (
  `id` int(11) NOT NULL AUTO_INCREMENT,
  `created_on` datetime NOT NULL,
  `updated_on` datetime NOT NULL,
  `path` varchar(1024) NOT NULL,
  `caption` varchar(255) DEFAULT NULL,
  `question_choice_id` int(11) NOT NULL,
  PRIMARY KEY (`id`),
  KEY `FK_p6avf3k6h46pngoxu6ltsrcvh` (`question_choice_id`),
  CONSTRAINT `FK_p6avf3k6h46pngoxu6ltsrcvh` FOREIGN KEY (`question_choice_id`) REFERENCES `question_choice` (`id`)
) ENGINE=InnoDB DEFAULT CHARSET=utf8;

-- ----------------------------
--  Table structure for `question_image`
-- ----------------------------
DROP TABLE IF EXISTS `question_image`;
CREATE TABLE `question_image` (
  `id` int(11) NOT NULL AUTO_INCREMENT,
  `created_on` datetime NOT NULL,
  `updated_on` datetime NOT NULL,
  `path` varchar(1024) NOT NULL,
  `caption` varchar(255) DEFAULT NULL,
  `question_id` int(11) NOT NULL,
  PRIMARY KEY (`id`),
  KEY `FK_rt5bt00pq2t32duqhyinbeour` (`question_id`),
  CONSTRAINT `FK_rt5bt00pq2t32duqhyinbeour` FOREIGN KEY (`question_id`) REFERENCES `question` (`id`)
) ENGINE=InnoDB DEFAULT CHARSET=utf8;

-- ----------------------------
--  Table structure for `question_language`
-- ----------------------------
DROP TABLE IF EXISTS `question_language`;
CREATE TABLE `question_language` (
  `id` int(11) NOT NULL AUTO_INCREMENT,
  `created_on` datetime NOT NULL,
  `updated_on` datetime NOT NULL,
  `name` varchar(55) NOT NULL,
  PRIMARY KEY (`id`),
  UNIQUE KEY `UK_h7snp9gauw2o9k8o320ym954t` (`name`)
) ENGINE=InnoDB AUTO_INCREMENT=3 DEFAULT CHARSET=utf8;

-- ----------------------------
--  Records of `question_language`
-- ----------------------------
BEGIN;
INSERT INTO `question_language` VALUES ('1', '2015-12-10 17:02:58', '2015-12-10 17:02:58', '中文'), ('2', '2015-12-10 17:03:05', '2015-12-10 17:03:05', '英文');
COMMIT;

-- ----------------------------
--  Table structure for `question_reviewers`
-- ----------------------------
DROP TABLE IF EXISTS `question_reviewers`;
CREATE TABLE `question_reviewers` (
  `question_id` int(11) NOT NULL,
  `reviewer_id` int(11) NOT NULL,
  PRIMARY KEY (`question_id`,`reviewer_id`),
  KEY `FK_kdm8obpe6leusm1ymmvon7wew` (`reviewer_id`),
  CONSTRAINT `FK_9phi7xaxiornk7f3k237bji8u` FOREIGN KEY (`question_id`) REFERENCES `question` (`id`),
  CONSTRAINT `FK_kdm8obpe6leusm1ymmvon7wew` FOREIGN KEY (`reviewer_id`) REFERENCES `user` (`id`)
) ENGINE=InnoDB DEFAULT CHARSET=utf8;

-- ----------------------------
--  Table structure for `question_status`
-- ----------------------------
DROP TABLE IF EXISTS `question_status`;
CREATE TABLE `question_status` (
  `id` int(11) NOT NULL AUTO_INCREMENT,
  `created_on` datetime NOT NULL,
  `updated_on` datetime NOT NULL,
  `is_finish` bit(1) NOT NULL,
  `is_start` bit(1) NOT NULL,
  `name` varchar(255) NOT NULL,
  `accessible_by_author` bit(1) NOT NULL,
  `accessible_by_facilitator` bit(1) NOT NULL,
  `accessible_by_quality_admin` bit(1) NOT NULL,
  `accessible_by_reviewer` bit(1) NOT NULL,
  PRIMARY KEY (`id`),
  UNIQUE KEY `UK_kb1iiy21r8irey42pnd96p72c` (`name`)
) ENGINE=InnoDB AUTO_INCREMENT=12 DEFAULT CHARSET=utf8;

-- ----------------------------
--  Records of `question_status`
-- ----------------------------
BEGIN;
INSERT INTO `question_status` VALUES ('5', '2015-12-10 17:13:48', '2015-12-10 17:13:48', b'0', b'0', '出题', b'1', b'0', b'0', b'0'), ('6', '2015-12-10 17:14:15', '2015-12-10 17:14:15', b'0', b'0', '评审', b'0', b'0', b'0', b'1'), ('7', '2015-12-10 17:15:23', '2015-12-10 17:15:23', b'0', b'0', '终审', b'0', b'0', b'1', b'0'), ('8', '2015-12-10 17:15:41', '2015-12-10 17:15:41', b'1', b'0', '发布', b'0', b'0', b'0', b'0'), ('9', '2015-12-10 17:16:14', '2015-12-10 17:16:14', b'1', b'0', '作废', b'0', b'0', b'0', b'0'), ('10', '2017-05-09 15:07:36', '2017-05-09 15:07:36', b'0', b'0', '评审1', b'0', b'0', b'1', b'0'), ('11', '2017-05-09 17:11:52', '2017-05-09 17:18:21', b'0', b'1', '初始状态', b'0', b'1', b'0', b'0');
COMMIT;

-- ----------------------------
--  Table structure for `question_status_transition`
-- ----------------------------
DROP TABLE IF EXISTS `question_status_transition`;
CREATE TABLE `question_status_transition` (
  `created_on` datetime NOT NULL,
  `updated_on` datetime NOT NULL,
  `sequence` int(11) DEFAULT NULL,
  `next_status_id` int(11) NOT NULL DEFAULT '0',
  `status_id` int(11) NOT NULL DEFAULT '0',
  PRIMARY KEY (`next_status_id`,`status_id`),
  KEY `FK_k7x5nc6556qxlqhs7ru5y0lws` (`status_id`),
  CONSTRAINT `FK_4g1t9k1kluds2uuefpbyiignn` FOREIGN KEY (`next_status_id`) REFERENCES `question_status` (`id`),
  CONSTRAINT `FK_k7x5nc6556qxlqhs7ru5y0lws` FOREIGN KEY (`status_id`) REFERENCES `question_status` (`id`)
) ENGINE=InnoDB DEFAULT CHARSET=utf8;

-- ----------------------------
--  Records of `question_status_transition`
-- ----------------------------
BEGIN;
INSERT INTO `question_status_transition` VALUES ('2017-09-27 14:47:12', '2017-09-27 14:47:12', '0', '5', '6'), ('2015-12-10 17:36:38', '2015-12-10 17:36:38', '0', '5', '7'), ('2017-05-09 15:08:42', '2017-05-09 15:08:42', '0', '5', '10'), ('2017-08-29 22:25:32', '2017-08-29 22:25:32', '0', '5', '11'), ('2017-09-27 14:47:21', '2017-09-27 14:47:21', '0', '6', '5'), ('2017-05-09 15:08:42', '2017-05-09 15:08:42', '0', '6', '10'), ('2017-09-27 14:47:12', '2017-09-27 14:47:12', '0', '7', '6'), ('2017-05-09 15:08:42', '2017-05-09 15:08:42', '0', '7', '10'), ('2015-12-10 17:36:38', '2015-12-10 17:36:38', '0', '8', '7'), ('2017-05-09 15:08:42', '2017-05-09 15:08:42', '0', '8', '10'), ('2015-12-10 17:36:38', '2015-12-10 17:36:38', '0', '9', '7'), ('2017-05-09 15:08:42', '2017-05-09 15:08:42', '0', '9', '10');
COMMIT;

-- ----------------------------
--  Table structure for `question_type`
-- ----------------------------
DROP TABLE IF EXISTS `question_type`;
CREATE TABLE `question_type` (
  `id` int(11) NOT NULL AUTO_INCREMENT,
  `created_on` datetime NOT NULL,
  `updated_on` datetime NOT NULL,
  `name` varchar(255) NOT NULL,
  PRIMARY KEY (`id`),
  UNIQUE KEY `UK_7ei21extes3bkiv5byn0pfrg5` (`name`)
) ENGINE=InnoDB AUTO_INCREMENT=4 DEFAULT CHARSET=utf8;

-- ----------------------------
--  Records of `question_type`
-- ----------------------------
BEGIN;
INSERT INTO `question_type` VALUES ('1', '2015-12-10 17:02:23', '2015-12-10 17:02:23', '选择题'), ('2', '2015-12-10 17:02:49', '2015-12-10 17:02:49', '情景题'), ('3', '2017-05-09 13:59:36', '2017-05-09 13:59:36', '视频题');
COMMIT;

-- ----------------------------
--  Table structure for `review_assessment`
-- ----------------------------
DROP TABLE IF EXISTS `review_assessment`;
CREATE TABLE `review_assessment` (
  `id` int(11) NOT NULL AUTO_INCREMENT,
  `created_on` datetime NOT NULL,
  `updated_on` datetime NOT NULL,
  `name` varchar(255) NOT NULL,
  PRIMARY KEY (`id`),
  UNIQUE KEY `UK_5up7uru8ni1q5dungaxxk3dty` (`name`)
) ENGINE=InnoDB DEFAULT CHARSET=utf8;

-- ----------------------------
--  Table structure for `review_comment`
-- ----------------------------
DROP TABLE IF EXISTS `review_comment`;
CREATE TABLE `review_comment` (
  `id` int(11) NOT NULL AUTO_INCREMENT,
  `created_on` datetime NOT NULL,
  `updated_on` datetime NOT NULL,
  `content` text NOT NULL,
  `is_final_review` bit(1) NOT NULL,
  `question_id` int(11) NOT NULL,
  `reviewer_id` int(11) NOT NULL,
  PRIMARY KEY (`id`),
  KEY `FK_1c3t2dqlk78fnc2qhysp2p9v5` (`question_id`),
  KEY `FK_omf7d51gg0vs40946txened42` (`reviewer_id`),
  CONSTRAINT `FK_1c3t2dqlk78fnc2qhysp2p9v5` FOREIGN KEY (`question_id`) REFERENCES `question` (`id`),
  CONSTRAINT `FK_omf7d51gg0vs40946txened42` FOREIGN KEY (`reviewer_id`) REFERENCES `user` (`id`)
) ENGINE=InnoDB DEFAULT CHARSET=utf8;

-- ----------------------------
--  Table structure for `role`
-- ----------------------------
DROP TABLE IF EXISTS `role`;
CREATE TABLE `role` (
  `id` int(11) NOT NULL AUTO_INCREMENT,
  `created_on` datetime NOT NULL,
  `updated_on` datetime NOT NULL,
  `name` varchar(55) NOT NULL,
  PRIMARY KEY (`id`),
  UNIQUE KEY `UK_8sewwnpamngi6b1dwaa88askk` (`name`)
) ENGINE=InnoDB DEFAULT CHARSET=utf8;

-- ----------------------------
--  Table structure for `syllabus`
-- ----------------------------
DROP TABLE IF EXISTS `syllabus`;
CREATE TABLE `syllabus` (
  `id` int(11) NOT NULL AUTO_INCREMENT,
  `created_on` datetime NOT NULL,
  `updated_on` datetime NOT NULL,
  `is_disabled` bit(1) DEFAULT b'0',
  `level` varchar(255) NOT NULL,
  `version` varchar(255) NOT NULL,
  PRIMARY KEY (`id`),
  UNIQUE KEY `unique_level_version` (`level`,`version`)
) ENGINE=InnoDB AUTO_INCREMENT=9 DEFAULT CHARSET=utf8;

-- ----------------------------
--  Records of `syllabus`
-- ----------------------------
BEGIN;
INSERT INTO `syllabus` VALUES ('1', '2015-12-10 10:58:07', '2015-12-10 10:58:07', b'0', 'Foundation Level', '2011 版 中文修订版本 1'), ('2', '2016-01-28 16:49:38', '2016-01-29 10:36:42', b'0', 'Agile Test', '1.0'), ('3', '2017-04-24 16:51:21', '2017-04-24 16:51:21', b'0', 'Advanced Level-TA', '2012版 中文版20150601'), ('4', '2017-04-27 11:14:32', '2017-04-27 11:14:32', b'0', 'Advanced Level-TM', '2012版 中文版20150528'), ('5', '2017-05-02 14:39:36', '2017-05-02 14:39:36', b'0', 'Advanced Level-TTA', '2012版 中文版20150601'), ('6', '2017-05-03 13:48:24', '2017-05-03 13:48:24', b'0', 'Expert Level-ITP', '1.0.2版'), ('7', '2020-02-25 07:07:34', '2020-02-25 07:07:59', b'0', 'Foundation Level', '2020测试版1.0'), ('8', '2017-10-31 17:30:27', '2017-10-31 17:30:27', b'0', 'Foundation Level-MBT', '2015版中文版');
COMMIT;

-- ----------------------------
--  Table structure for `user`
-- ----------------------------
DROP TABLE IF EXISTS `user`;
CREATE TABLE `user` (
  `id` int(11) NOT NULL AUTO_INCREMENT,
  `created_on` datetime NOT NULL,
  `updated_on` datetime NOT NULL,
  `email` varchar(255) NOT NULL,
  `enabled` bit(1) NOT NULL,
  `full_name` varchar(40) NOT NULL,
  `is_admin` bit(1) NOT NULL,
  `last_login` datetime DEFAULT NULL,
  `login_count` int(11) NOT NULL,
  `password` char(64) NOT NULL,
  `phone` varchar(255) DEFAULT NULL,
  `username` varchar(40) NOT NULL,
  PRIMARY KEY (`id`),
  UNIQUE KEY `UK_ob8kqyqqgmefl0aco34akdtpe` (`email`),
  UNIQUE KEY `UK_sb8bbouer5wak8vyiiy4pf2bx` (`username`)
) ENGINE=InnoDB AUTO_INCREMENT=25 DEFAULT CHARSET=utf8;

-- ----------------------------
--  Records of `user`
-- ----------------------------
BEGIN;
INSERT INTO `user` VALUES ('1', '2018-07-27 14:45:40', '2020-03-16 18:22:05', 'longyi.fu@imbus.cn', b'1', 'imbus', b'1', '2020-03-16 18:22:05', '218', '8d969eef6ecad3c29a3a629280e686cf0c3f5d5a86aff3ca12020c923adc6c92', '12345678', 'testadmin'), ('2', '2020-02-25 07:01:29', '2020-03-16 16:07:07', 'user1@imbus.cn', b'1', 'user1', b'0', '2020-03-16 16:07:07', '6', '8d969eef6ecad3c29a3a629280e686cf0c3f5d5a86aff3ca12020c923adc6c92', '15000000000', 'testuser1'), ('3', '2020-02-25 07:01:52', '2020-03-16 16:42:03', 'jmeter022@qq.com', b'1', 'jmeter022', b'1', '2020-03-16 16:42:03', '6', '8d969eef6ecad3c29a3a629280e686cf0c3f5d5a86aff3ca12020c923adc6c92', '13333333333', 'jmeter022'), ('4', '2020-02-25 07:01:52', '2020-03-16 16:08:35', 'jmeter023@qq.com', b'1', 'jmeter023', b'0', '2020-03-16 16:08:35', '4', '8d969eef6ecad3c29a3a629280e686cf0c3f5d5a86aff3ca12020c923adc6c92', '13333333333', 'jmeter023'), ('5', '2020-02-26 01:07:17', '2020-03-16 15:43:33', 'jmeter002@qq.com', b'1', 'jmeter002', b'0', '2020-03-16 15:43:33', '2', '8d969eef6ecad3c29a3a629280e686cf0c3f5d5a86aff3ca12020c923adc6c92', '13333333333', 'jmeter002'), ('6', '2020-02-26 01:07:17', '2020-02-26 01:07:17', 'jmeter003@qq.com', b'1', 'jmeter003', b'0', null, '0', '8d969eef6ecad3c29a3a629280e686cf0c3f5d5a86aff3ca12020c923adc6c92', '13333333333', 'jmeter003'), ('7', '2020-02-26 01:07:17', '2020-02-26 01:29:50', 'jmeter004@qq.com', b'1', 'jmeter004', b'0', '2020-02-26 01:29:50', '1', '8d969eef6ecad3c29a3a629280e686cf0c3f5d5a86aff3ca12020c923adc6c92', '13333333333', 'jmeter004'), ('8', '2020-02-26 01:07:18', '2020-02-26 01:07:18', 'jmeter005@qq.com', b'1', 'jmeter005', b'0', null, '0', '8d969eef6ecad3c29a3a629280e686cf0c3f5d5a86aff3ca12020c923adc6c92', '13333333333', 'jmeter005'), ('9', '2020-02-26 01:07:18', '2020-02-26 01:07:18', 'jmeter006@qq.com', b'1', 'jmeter006', b'0', null, '0', '8d969eef6ecad3c29a3a629280e686cf0c3f5d5a86aff3ca12020c923adc6c92', '13333333333', 'jmeter006'), ('10', '2020-02-26 01:07:18', '2020-02-26 01:07:18', 'jmeter007@qq.com', b'1', 'jmeter007', b'0', null, '0', '8d969eef6ecad3c29a3a629280e686cf0c3f5d5a86aff3ca12020c923adc6c92', '13333333333', 'jmeter007'), ('11', '2020-02-26 01:07:18', '2020-02-26 01:07:18', 'jmeter008@qq.com', b'1', 'jmeter008', b'0', null, '0', '8d969eef6ecad3c29a3a629280e686cf0c3f5d5a86aff3ca12020c923adc6c92', '13333333333', 'jmeter008'), ('12', '2020-02-26 01:07:18', '2020-02-26 01:07:18', 'jmeter009@qq.com', b'1', 'jmeter009', b'0', null, '0', '8d969eef6ecad3c29a3a629280e686cf0c3f5d5a86aff3ca12020c923adc6c92', '13333333333', 'jmeter009'), ('13', '2020-02-26 01:07:19', '2020-02-26 01:07:19', 'jmeter010@qq.com', b'1', 'jmeter010', b'0', null, '0', '8d969eef6ecad3c29a3a629280e686cf0c3f5d5a86aff3ca12020c923adc6c92', '13333333333', 'jmeter010'), ('14', '2020-02-26 01:07:19', '2020-02-26 01:07:19', 'jmeter011@qq.com', b'1', 'jmeter011', b'0', null, '0', '8d969eef6ecad3c29a3a629280e686cf0c3f5d5a86aff3ca12020c923adc6c92', '13333333333', 'jmeter011'), ('15', '2020-02-26 01:07:19', '2020-02-26 01:07:19', 'jmeter012@qq.com', b'1', 'jmeter012', b'0', null, '0', '8d969eef6ecad3c29a3a629280e686cf0c3f5d5a86aff3ca12020c923adc6c92', '13333333333', 'jmeter012'), ('16', '2020-02-26 01:07:19', '2020-02-26 01:07:19', 'jmeter013@qq.com', b'1', 'jmeter013', b'0', null, '0', '8d969eef6ecad3c29a3a629280e686cf0c3f5d5a86aff3ca12020c923adc6c92', '13333333333', 'jmeter013'), ('17', '2020-02-26 01:07:19', '2020-02-26 01:07:19', 'jmeter014@qq.com', b'1', 'jmeter014', b'0', null, '0', '8d969eef6ecad3c29a3a629280e686cf0c3f5d5a86aff3ca12020c923adc6c92', '13333333333', 'jmeter014'), ('18', '2020-02-26 01:07:19', '2020-02-26 01:07:19', 'jmeter015@qq.com', b'1', 'jmeter015', b'0', null, '0', '8d969eef6ecad3c29a3a629280e686cf0c3f5d5a86aff3ca12020c923adc6c92', '13333333333', 'jmeter015'), ('19', '2020-02-26 01:07:20', '2020-02-26 01:07:20', 'jmeter016@qq.com', b'1', 'jmeter016', b'0', null, '0', '8d969eef6ecad3c29a3a629280e686cf0c3f5d5a86aff3ca12020c923adc6c92', '13333333333', 'jmeter016'), ('20', '2020-02-26 01:07:20', '2020-02-26 01:07:20', 'jmeter017@qq.com', b'1', 'jmeter017', b'0', null, '0', '8d969eef6ecad3c29a3a629280e686cf0c3f5d5a86aff3ca12020c923adc6c92', '13333333333', 'jmeter017'), ('21', '2020-02-26 01:07:20', '2020-02-26 01:07:20', 'jmeter018@qq.com', b'1', 'jmeter018', b'0', null, '0', '8d969eef6ecad3c29a3a629280e686cf0c3f5d5a86aff3ca12020c923adc6c92', '13333333333', 'jmeter018'), ('22', '2020-02-26 01:07:20', '2020-02-26 01:07:20', 'jmeter019@qq.com', b'1', 'jmeter019', b'0', null, '0', '8d969eef6ecad3c29a3a629280e686cf0c3f5d5a86aff3ca12020c923adc6c92', '13333333333', 'jmeter019'), ('23', '2020-02-26 01:07:20', '2020-02-26 01:07:20', 'jmeter020@qq.com', b'1', 'jmeter020', b'0', null, '0', '8d969eef6ecad3c29a3a629280e686cf0c3f5d5a86aff3ca12020c923adc6c92', '13333333333', 'jmeter020'), ('24', '2020-02-26 01:07:20', '2020-02-26 01:07:20', 'jmeter021@qq.com', b'1', 'jmeter021', b'0', null, '0', '8d969eef6ecad3c29a3a629280e686cf0c3f5d5a86aff3ca12020c923adc6c92', '13333333333', 'jmeter021');
COMMIT;

SET FOREIGN_KEY_CHECKS = 1;
